{
  "name": "South Africa",
  "slug": "south-africa",
  "locale": "en-ZA",
  "invalidCount": 43,
  "autoFixableCount": 1,
  "totalNumbers": 18168,
  "groupedDivisionStats": {
    "Eastern Cape": [
      {
        "name": "Nelson Mandela Bay Metropolitan Municipality",
        "divisionSlug": "eastern-cape",
        "slug": "nelson-mandela-bay-metropolitan-municipality",
        "invalidCount": 0,
        "autoFixableCount": 0,
        "totalNumbers": 770
      },
      {
        "name": "Sarah Baartman District Municipality",
        "divisionSlug": "eastern-cape",
        "slug": "sarah-baartman-district-municipality",
        "invalidCount": 1,
        "autoFixableCount": 0,
        "totalNumbers": 362
      },
      {
        "name": "Buffalo City Metropolitan Municipality",
        "divisionSlug": "eastern-cape",
        "slug": "buffalo-city-metropolitan-municipality",
        "invalidCount": 0,
        "autoFixableCount": 0,
        "totalNumbers": 307
      },
      {
        "name": "Amathole District Municipality",
        "divisionSlug": "eastern-cape",
        "slug": "amathole-district-municipality",
        "invalidCount": 0,
        "autoFixableCount": 0,
        "totalNumbers": 190
      },
      {
        "name": "Chris Hani District Municipality",
        "divisionSlug": "eastern-cape",
        "slug": "chris-hani-district-municipality",
        "invalidCount": 0,
        "autoFixableCount": 0,
        "totalNumbers": 239
      },
      {
        "name": "Joe Gqabi District Municipality",
        "divisionSlug": "eastern-cape",
        "slug": "joe-gqabi-district-municipality",
        "invalidCount": 0,
        "autoFixableCount": 0,
        "totalNumbers": 94
      },
      {
        "name": "O.R. Tambo District Municipality",
        "divisionSlug": "eastern-cape",
        "slug": "o-r-tambo-district-municipality",
        "invalidCount": 0,
        "autoFixableCount": 0,
        "totalNumbers": 308
      },
      {
        "name": "Alfred Nzo District Municipality",
        "divisionSlug": "eastern-cape",
        "slug": "alfred-nzo-district-municipality",
        "invalidCount": 0,
        "autoFixableCount": 0,
        "totalNumbers": 84
      }
    ],
    "Free State": [
      {
        "name": "Fezile Dabi District Municipality",
        "divisionSlug": "free-state",
        "slug": "fezile-dabi-district-municipality",
        "invalidCount": 0,
        "autoFixableCount": 0,
        "totalNumbers": 83
      },
      {
        "name": "Thabo Mofutsanyana District Municipality",
        "divisionSlug": "free-state",
        "slug": "thabo-mofutsanyana-district-municipality",
        "invalidCount": 0,
        "autoFixableCount": 0,
        "totalNumbers": 131
      },
      {
        "name": "Lejweleputswa District Municipality",
        "divisionSlug": "free-state",
        "slug": "lejweleputswa-district-municipality",
        "invalidCount": 0,
        "autoFixableCount": 0,
        "totalNumbers": 81
      },
      {
        "name": "Xhariep District Municipality",
        "divisionSlug": "free-state",
        "slug": "xhariep-district-municipality",
        "invalidCount": 0,
        "autoFixableCount": 0,
        "totalNumbers": 43
      },
      {
        "name": "Mangaung Metropolitan Municipality",
        "divisionSlug": "free-state",
        "slug": "mangaung-metropolitan-municipality",
        "invalidCount": 0,
        "autoFixableCount": 0,
        "totalNumbers": 197
      }
    ],
    "Gauteng": [
      {
        "name": "City of Ekurhuleni Metropolitan Municipality",
        "divisionSlug": "gauteng",
        "slug": "city-of-ekurhuleni-metropolitan-municipality",
        "invalidCount": 5,
        "autoFixableCount": 0,
        "totalNumbers": 805
      },
      {
        "name": "City of Tshwane Metropolitan Municipality",
        "divisionSlug": "gauteng",
        "slug": "city-of-tshwane-metropolitan-municipality",
        "invalidCount": 5,
        "autoFixableCount": 0,
        "totalNumbers": 1973
      },
      {
        "name": "Sedibeng District Municipality",
        "divisionSlug": "gauteng",
        "slug": "sedibeng-district-municipality",
        "invalidCount": 0,
        "autoFixableCount": 0,
        "totalNumbers": 140
      },
      {
        "name": "City of Johannesburg Metropolitan Municipality",
        "divisionSlug": "gauteng",
        "slug": "city-of-johannesburg-metropolitan-municipality",
        "invalidCount": 3,
        "autoFixableCount": 0,
        "totalNumbers": 1965
      },
      {
        "name": "West Rand District Municipality",
        "divisionSlug": "gauteng",
        "slug": "west-rand-district-municipality",
        "invalidCount": 0,
        "autoFixableCount": 0,
        "totalNumbers": 151
      }
    ],
    "KwaZulu-Natal": [
      {
        "name": "Umkhanyakude District Municipality",
        "divisionSlug": "kwazulu-natal",
        "slug": "umkhanyakude-district-municipality",
        "invalidCount": 0,
        "autoFixableCount": 0,
        "totalNumbers": 494
      },
      {
        "name": "eThekwini Metropolitan Municipality",
        "divisionSlug": "kwazulu-natal",
        "slug": "ethekwini-metropolitan-municipality",
        "invalidCount": 2,
        "autoFixableCount": 0,
        "totalNumbers": 1019
      },
      {
        "name": "Ugu District Municipality",
        "divisionSlug": "kwazulu-natal",
        "slug": "ugu-district-municipality",
        "invalidCount": 0,
        "autoFixableCount": 0,
        "totalNumbers": 194
      },
      {
        "name": "uMgungundlovu District Municipality",
        "divisionSlug": "kwazulu-natal",
        "slug": "umgungundlovu-district-municipality",
        "invalidCount": 0,
        "autoFixableCount": 0,
        "totalNumbers": 310
      },
      {
        "name": "Uthukela District Municipality",
        "divisionSlug": "kwazulu-natal",
        "slug": "uthukela-district-municipality",
        "invalidCount": 0,
        "autoFixableCount": 0,
        "totalNumbers": 153
      },
      {
        "name": "Umzinyathi District Municipality",
        "divisionSlug": "kwazulu-natal",
        "slug": "umzinyathi-district-municipality",
        "invalidCount": 0,
        "autoFixableCount": 0,
        "totalNumbers": 158
      },
      {
        "name": "Amajuba District Municipality",
        "divisionSlug": "kwazulu-natal",
        "slug": "amajuba-district-municipality",
        "invalidCount": 0,
        "autoFixableCount": 0,
        "totalNumbers": 137
      },
      {
        "name": "Zululand District Municipality",
        "divisionSlug": "kwazulu-natal",
        "slug": "zululand-district-municipality",
        "invalidCount": 0,
        "autoFixableCount": 0,
        "totalNumbers": 194
      },
      {
        "name": "King Cetswayo District Municipality",
        "divisionSlug": "kwazulu-natal",
        "slug": "king-cetswayo-district-municipality",
        "invalidCount": 0,
        "autoFixableCount": 0,
        "totalNumbers": 305
      },
      {
        "name": "iLembe District Municipality",
        "divisionSlug": "kwazulu-natal",
        "slug": "ilembe-district-municipality",
        "invalidCount": 0,
        "autoFixableCount": 0,
        "totalNumbers": 172
      },
      {
        "name": "Sisonke District Municipality",
        "divisionSlug": "kwazulu-natal",
        "slug": "sisonke-district-municipality",
        "invalidCount": 0,
        "autoFixableCount": 0,
        "totalNumbers": 127
      }
    ],
    "Limpopo": [
      {
        "name": "Mopani District Municipality",
        "divisionSlug": "limpopo",
        "slug": "mopani-district-municipality",
        "invalidCount": 0,
        "autoFixableCount": 0,
        "totalNumbers": 123
      },
      {
        "name": "Vhembe District Municipality",
        "divisionSlug": "limpopo",
        "slug": "vhembe-district-municipality",
        "invalidCount": 1,
        "autoFixableCount": 0,
        "totalNumbers": 51
      },
      {
        "name": "Capricorn District Municipality",
        "divisionSlug": "limpopo",
        "slug": "capricorn-district-municipality",
        "invalidCount": 1,
        "autoFixableCount": 0,
        "totalNumbers": 242
      },
      {
        "name": "Waterberg District Municipality",
        "divisionSlug": "limpopo",
        "slug": "waterberg-district-municipality",
        "invalidCount": 0,
        "autoFixableCount": 0,
        "totalNumbers": 162
      },
      {
        "name": "Sekhukhune District Municipality",
        "divisionSlug": "limpopo",
        "slug": "sekhukhune-district-municipality",
        "invalidCount": 0,
        "autoFixableCount": 0,
        "totalNumbers": 34
      }
    ],
    "Mpumalanga": [
      {
        "name": "Ehlanzeni",
        "divisionSlug": "mpumalanga",
        "slug": "ehlanzeni",
        "invalidCount": 0,
        "autoFixableCount": 0,
        "totalNumbers": 352
      },
      {
        "name": "Gert Sibande",
        "divisionSlug": "mpumalanga",
        "slug": "gert-sibande",
        "invalidCount": 0,
        "autoFixableCount": 0,
        "totalNumbers": 187
      },
      {
        "name": "Nkangala",
        "divisionSlug": "mpumalanga",
        "slug": "nkangala",
        "invalidCount": 0,
        "autoFixableCount": 0,
        "totalNumbers": 233
      }
    ],
    "North West": [
      {
        "name": "Ngaka Modiri Molema District Municipality",
        "divisionSlug": "north-west",
        "slug": "ngaka-modiri-molema-district-municipality",
        "invalidCount": 1,
        "autoFixableCount": 0,
        "totalNumbers": 88
      },
      {
        "name": "Bojanala Platinum District Municipality",
        "divisionSlug": "north-west",
        "slug": "bojanala-platinum-district-municipality",
        "invalidCount": 1,
        "autoFixableCount": 0,
        "totalNumbers": 228
      },
      {
        "name": "Dr Kenneth Kaunda District Municipality",
        "divisionSlug": "north-west",
        "slug": "dr-kenneth-kaunda-district-municipality",
        "invalidCount": 1,
        "autoFixableCount": 0,
        "totalNumbers": 220
      },
      {
        "name": "Dr Ruth Segomotsi Mompati District Municipality",
        "divisionSlug": "north-west",
        "slug": "dr-ruth-segomotsi-mompati-district-municipality",
        "invalidCount": 0,
        "autoFixableCount": 0,
        "totalNumbers": 31
      }
    ],
    "Northern Cape": [
      {
        "name": "Namakwa District Municipality",
        "divisionSlug": "northern-cape",
        "slug": "namakwa-district-municipality",
        "invalidCount": 2,
        "autoFixableCount": 0,
        "totalNumbers": 90
      },
      {
        "name": "Pixley ka Seme District Municipality",
        "divisionSlug": "northern-cape",
        "slug": "pixley-ka-seme-district-municipality",
        "invalidCount": 1,
        "autoFixableCount": 0,
        "totalNumbers": 194
      },
      {
        "name": "ZF Mgcawu District Municipality",
        "divisionSlug": "northern-cape",
        "slug": "zf-mgcawu-district-municipality",
        "invalidCount": 0,
        "autoFixableCount": 0,
        "totalNumbers": 111
      },
      {
        "name": "Frances Baard District Municipality",
        "divisionSlug": "northern-cape",
        "slug": "frances-baard-district-municipality",
        "invalidCount": 0,
        "autoFixableCount": 0,
        "totalNumbers": 110
      },
      {
        "name": "John Taolo Gaetsewe District Municipality",
        "divisionSlug": "northern-cape",
        "slug": "john-taolo-gaetsewe-district-municipality",
        "invalidCount": 1,
        "autoFixableCount": 0,
        "totalNumbers": 49
      }
    ],
    "Western Cape": [
      {
        "name": "City of Cape Town",
        "divisionSlug": "western-cape",
        "slug": "city-of-cape-town",
        "invalidCount": 8,
        "autoFixableCount": 0,
        "totalNumbers": 2721
      },
      {
        "name": "West Coast District Municipality",
        "divisionSlug": "western-cape",
        "slug": "west-coast-district-municipality",
        "invalidCount": 3,
        "autoFixableCount": 0,
        "totalNumbers": 198
      },
      {
        "name": "Cape Winelands District Municipality",
        "divisionSlug": "western-cape",
        "slug": "cape-winelands-district-municipality",
        "invalidCount": 1,
        "autoFixableCount": 0,
        "totalNumbers": 461
      },
      {
        "name": "Overberg District Municipality",
        "divisionSlug": "western-cape",
        "slug": "overberg-district-municipality",
        "invalidCount": 1,
        "autoFixableCount": 0,
        "totalNumbers": 322
      },
      {
        "name": "Garden Route District Municipality",
        "divisionSlug": "western-cape",
        "slug": "garden-route-district-municipality",
        "invalidCount": 5,
        "autoFixableCount": 1,
        "totalNumbers": 711
      },
      {
        "name": "Central Karoo District Municipality",
        "divisionSlug": "western-cape",
        "slug": "central-karoo-district-municipality",
        "invalidCount": 0,
        "autoFixableCount": 0,
        "totalNumbers": 64
      }
    ]
  }
}