{
  "name": "Polska",
  "slug": "polska",
  "locale": "en",
  "invalidCount": 18815,
  "autoFixableCount": 17430,
  "totalNumbers": 133503,
  "groupedDivisionStats": {
    "województwo dolnośląskie": [
      {
        "name": "powiat zgorzelecki",
        "divisionSlug": "województwo-dolnośląskie",
        "slug": "powiat-zgorzelecki",
        "invalidCount": 15,
        "autoFixableCount": 14,
        "totalNumbers": 276
      },
      {
        "name": "powiat lubański",
        "divisionSlug": "województwo-dolnośląskie",
        "slug": "powiat-lubański",
        "invalidCount": 32,
        "autoFixableCount": 31,
        "totalNumbers": 277
      },
      {
        "name": "powiat bolesławiecki",
        "divisionSlug": "województwo-dolnośląskie",
        "slug": "powiat-bolesławiecki",
        "invalidCount": 35,
        "autoFixableCount": 31,
        "totalNumbers": 285
      },
      {
        "name": "powiat lwówecki",
        "divisionSlug": "województwo-dolnośląskie",
        "slug": "powiat-lwówecki",
        "invalidCount": 52,
        "autoFixableCount": 52,
        "totalNumbers": 293
      },
      {
        "name": "powiat karkonoski",
        "divisionSlug": "województwo-dolnośląskie",
        "slug": "powiat-karkonoski",
        "invalidCount": 67,
        "autoFixableCount": 56,
        "totalNumbers": 583
      },
      {
        "name": "Jelenia Góra",
        "divisionSlug": "województwo-dolnośląskie",
        "slug": "jelenia-góra",
        "invalidCount": 65,
        "autoFixableCount": 65,
        "totalNumbers": 291
      },
      {
        "name": "powiat kamiennogórski",
        "divisionSlug": "województwo-dolnośląskie",
        "slug": "powiat-kamiennogórski",
        "invalidCount": 63,
        "autoFixableCount": 60,
        "totalNumbers": 242
      },
      {
        "name": "powiat złotoryjski",
        "divisionSlug": "województwo-dolnośląskie",
        "slug": "powiat-złotoryjski",
        "invalidCount": 8,
        "autoFixableCount": 8,
        "totalNumbers": 143
      },
      {
        "name": "powiat legnicki",
        "divisionSlug": "województwo-dolnośląskie",
        "slug": "powiat-legnicki",
        "invalidCount": 58,
        "autoFixableCount": 54,
        "totalNumbers": 189
      },
      {
        "name": "Legnica",
        "divisionSlug": "województwo-dolnośląskie",
        "slug": "legnica",
        "invalidCount": 38,
        "autoFixableCount": 37,
        "totalNumbers": 379
      },
      {
        "name": "powiat polkowicki",
        "divisionSlug": "województwo-dolnośląskie",
        "slug": "powiat-polkowicki",
        "invalidCount": 77,
        "autoFixableCount": 77,
        "totalNumbers": 205
      },
      {
        "name": "powiat głogowski",
        "divisionSlug": "województwo-dolnośląskie",
        "slug": "powiat-głogowski",
        "invalidCount": 13,
        "autoFixableCount": 12,
        "totalNumbers": 230
      },
      {
        "name": "powiat lubiński",
        "divisionSlug": "województwo-dolnośląskie",
        "slug": "powiat-lubiński",
        "invalidCount": 34,
        "autoFixableCount": 34,
        "totalNumbers": 235
      },
      {
        "name": "powiat górowski",
        "divisionSlug": "województwo-dolnośląskie",
        "slug": "powiat-górowski",
        "invalidCount": 4,
        "autoFixableCount": 3,
        "totalNumbers": 34
      },
      {
        "name": "powiat jaworski",
        "divisionSlug": "województwo-dolnośląskie",
        "slug": "powiat-jaworski",
        "invalidCount": 23,
        "autoFixableCount": 23,
        "totalNumbers": 145
      },
      {
        "name": "powiat wałbrzyski",
        "divisionSlug": "województwo-dolnośląskie",
        "slug": "powiat-wałbrzyski",
        "invalidCount": 28,
        "autoFixableCount": 26,
        "totalNumbers": 175
      },
      {
        "name": "powiat świdnicki",
        "divisionSlug": "województwo-dolnośląskie",
        "slug": "powiat-świdnicki",
        "invalidCount": 50,
        "autoFixableCount": 40,
        "totalNumbers": 330
      },
      {
        "name": "powiat kłodzki",
        "divisionSlug": "województwo-dolnośląskie",
        "slug": "powiat-kłodzki",
        "invalidCount": 83,
        "autoFixableCount": 74,
        "totalNumbers": 764
      },
      {
        "name": "powiat wołowski",
        "divisionSlug": "województwo-dolnośląskie",
        "slug": "powiat-wołowski",
        "invalidCount": 25,
        "autoFixableCount": 24,
        "totalNumbers": 74
      },
      {
        "name": "powiat średzki",
        "divisionSlug": "województwo-dolnośląskie",
        "slug": "powiat-średzki",
        "invalidCount": 8,
        "autoFixableCount": 6,
        "totalNumbers": 81
      },
      {
        "name": "powiat dzierżoniowski",
        "divisionSlug": "województwo-dolnośląskie",
        "slug": "powiat-dzierżoniowski",
        "invalidCount": 28,
        "autoFixableCount": 23,
        "totalNumbers": 170
      },
      {
        "name": "powiat ząbkowicki",
        "divisionSlug": "województwo-dolnośląskie",
        "slug": "powiat-ząbkowicki",
        "invalidCount": 11,
        "autoFixableCount": 9,
        "totalNumbers": 106
      },
      {
        "name": "powiat strzeliński",
        "divisionSlug": "województwo-dolnośląskie",
        "slug": "powiat-strzeliński",
        "invalidCount": 5,
        "autoFixableCount": 5,
        "totalNumbers": 50
      },
      {
        "name": "powiat oławski",
        "divisionSlug": "województwo-dolnośląskie",
        "slug": "powiat-oławski",
        "invalidCount": 29,
        "autoFixableCount": 27,
        "totalNumbers": 170
      },
      {
        "name": "Wrocław",
        "divisionSlug": "województwo-dolnośląskie",
        "slug": "wrocław",
        "invalidCount": 86,
        "autoFixableCount": 67,
        "totalNumbers": 3473
      },
      {
        "name": "powiat wrocławski",
        "divisionSlug": "województwo-dolnośląskie",
        "slug": "powiat-wrocławski",
        "invalidCount": 67,
        "autoFixableCount": 66,
        "totalNumbers": 381
      },
      {
        "name": "powiat oleśnicki",
        "divisionSlug": "województwo-dolnośląskie",
        "slug": "powiat-oleśnicki",
        "invalidCount": 32,
        "autoFixableCount": 30,
        "totalNumbers": 193
      },
      {
        "name": "powiat trzebnicki",
        "divisionSlug": "województwo-dolnośląskie",
        "slug": "powiat-trzebnicki",
        "invalidCount": 49,
        "autoFixableCount": 48,
        "totalNumbers": 168
      },
      {
        "name": "powiat milicki",
        "divisionSlug": "województwo-dolnośląskie",
        "slug": "powiat-milicki",
        "invalidCount": 7,
        "autoFixableCount": 6,
        "totalNumbers": 99
      },
      {
        "name": "Wałbrzych",
        "divisionSlug": "województwo-dolnośląskie",
        "slug": "wałbrzych",
        "invalidCount": 23,
        "autoFixableCount": 22,
        "totalNumbers": 202
      }
    ],
    "województwo kujawsko-pomorskie": [
      {
        "name": "Bydgoszcz",
        "divisionSlug": "województwo-kujawsko-pomorskie",
        "slug": "bydgoszcz",
        "invalidCount": 136,
        "autoFixableCount": 126,
        "totalNumbers": 579
      },
      {
        "name": "powiat bydgoski",
        "divisionSlug": "województwo-kujawsko-pomorskie",
        "slug": "powiat-bydgoski",
        "invalidCount": 25,
        "autoFixableCount": 24,
        "totalNumbers": 229
      },
      {
        "name": "powiat świecki",
        "divisionSlug": "województwo-kujawsko-pomorskie",
        "slug": "powiat-świecki",
        "invalidCount": 27,
        "autoFixableCount": 22,
        "totalNumbers": 220
      },
      {
        "name": "powiat tucholski",
        "divisionSlug": "województwo-kujawsko-pomorskie",
        "slug": "powiat-tucholski",
        "invalidCount": 11,
        "autoFixableCount": 11,
        "totalNumbers": 69
      },
      {
        "name": "powiat sępoleński",
        "divisionSlug": "województwo-kujawsko-pomorskie",
        "slug": "powiat-sępoleński",
        "invalidCount": 8,
        "autoFixableCount": 8,
        "totalNumbers": 49
      },
      {
        "name": "powiat nakielski",
        "divisionSlug": "województwo-kujawsko-pomorskie",
        "slug": "powiat-nakielski",
        "invalidCount": 15,
        "autoFixableCount": 14,
        "totalNumbers": 116
      },
      {
        "name": "powiat żniński",
        "divisionSlug": "województwo-kujawsko-pomorskie",
        "slug": "powiat-żniński",
        "invalidCount": 19,
        "autoFixableCount": 18,
        "totalNumbers": 127
      },
      {
        "name": "powiat inowrocławski",
        "divisionSlug": "województwo-kujawsko-pomorskie",
        "slug": "powiat-inowrocławski",
        "invalidCount": 18,
        "autoFixableCount": 18,
        "totalNumbers": 167
      },
      {
        "name": "powiat mogileński",
        "divisionSlug": "województwo-kujawsko-pomorskie",
        "slug": "powiat-mogileński",
        "invalidCount": 4,
        "autoFixableCount": 4,
        "totalNumbers": 68
      },
      {
        "name": "powiat toruński",
        "divisionSlug": "województwo-kujawsko-pomorskie",
        "slug": "powiat-toruński",
        "invalidCount": 35,
        "autoFixableCount": 35,
        "totalNumbers": 274
      },
      {
        "name": "Toruń",
        "divisionSlug": "województwo-kujawsko-pomorskie",
        "slug": "toruń",
        "invalidCount": 173,
        "autoFixableCount": 168,
        "totalNumbers": 622
      },
      {
        "name": "Grudziądz",
        "divisionSlug": "województwo-kujawsko-pomorskie",
        "slug": "grudziądz",
        "invalidCount": 56,
        "autoFixableCount": 45,
        "totalNumbers": 299
      },
      {
        "name": "powiat grudziądzki",
        "divisionSlug": "województwo-kujawsko-pomorskie",
        "slug": "powiat-grudziądzki",
        "invalidCount": 22,
        "autoFixableCount": 21,
        "totalNumbers": 172
      },
      {
        "name": "powiat chełmiński",
        "divisionSlug": "województwo-kujawsko-pomorskie",
        "slug": "powiat-chełmiński",
        "invalidCount": 27,
        "autoFixableCount": 27,
        "totalNumbers": 135
      },
      {
        "name": "powiat wąbrzeski",
        "divisionSlug": "województwo-kujawsko-pomorskie",
        "slug": "powiat-wąbrzeski",
        "invalidCount": 87,
        "autoFixableCount": 87,
        "totalNumbers": 200
      },
      {
        "name": "powiat brodnicki",
        "divisionSlug": "województwo-kujawsko-pomorskie",
        "slug": "powiat-brodnicki",
        "invalidCount": 63,
        "autoFixableCount": 61,
        "totalNumbers": 442
      },
      {
        "name": "powiat golubsko-dobrzyński",
        "divisionSlug": "województwo-kujawsko-pomorskie",
        "slug": "powiat-golubsko-dobrzyński",
        "invalidCount": 18,
        "autoFixableCount": 17,
        "totalNumbers": 180
      },
      {
        "name": "powiat aleksandrowski",
        "divisionSlug": "województwo-kujawsko-pomorskie",
        "slug": "powiat-aleksandrowski",
        "invalidCount": 34,
        "autoFixableCount": 30,
        "totalNumbers": 334
      },
      {
        "name": "Włocławek",
        "divisionSlug": "województwo-kujawsko-pomorskie",
        "slug": "włocławek",
        "invalidCount": 48,
        "autoFixableCount": 48,
        "totalNumbers": 227
      },
      {
        "name": "powiat rypiński",
        "divisionSlug": "województwo-kujawsko-pomorskie",
        "slug": "powiat-rypiński",
        "invalidCount": 9,
        "autoFixableCount": 9,
        "totalNumbers": 63
      },
      {
        "name": "powiat włocławski",
        "divisionSlug": "województwo-kujawsko-pomorskie",
        "slug": "powiat-włocławski",
        "invalidCount": 19,
        "autoFixableCount": 18,
        "totalNumbers": 181
      },
      {
        "name": "powiat radziejowski",
        "divisionSlug": "województwo-kujawsko-pomorskie",
        "slug": "powiat-radziejowski",
        "invalidCount": 2,
        "autoFixableCount": 2,
        "totalNumbers": 34
      },
      {
        "name": "powiat lipnowski",
        "divisionSlug": "województwo-kujawsko-pomorskie",
        "slug": "powiat-lipnowski",
        "invalidCount": 12,
        "autoFixableCount": 12,
        "totalNumbers": 69
      }
    ],
    "województwo lubelskie": [
      {
        "name": "Biała Podlaska",
        "divisionSlug": "województwo-lubelskie",
        "slug": "biała-podlaska",
        "invalidCount": 27,
        "autoFixableCount": 26,
        "totalNumbers": 170
      },
      {
        "name": "Zamość",
        "divisionSlug": "województwo-lubelskie",
        "slug": "zamość",
        "invalidCount": 11,
        "autoFixableCount": 5,
        "totalNumbers": 449
      },
      {
        "name": "powiat biłgorajski",
        "divisionSlug": "województwo-lubelskie",
        "slug": "powiat-biłgorajski",
        "invalidCount": 17,
        "autoFixableCount": 13,
        "totalNumbers": 700
      },
      {
        "name": "Lublin",
        "divisionSlug": "województwo-lubelskie",
        "slug": "lublin",
        "invalidCount": 167,
        "autoFixableCount": 158,
        "totalNumbers": 1580
      },
      {
        "name": "powiat lubelski",
        "divisionSlug": "województwo-lubelskie",
        "slug": "powiat-lubelski",
        "invalidCount": 36,
        "autoFixableCount": 30,
        "totalNumbers": 332
      },
      {
        "name": "powiat rycki",
        "divisionSlug": "województwo-lubelskie",
        "slug": "powiat-rycki",
        "invalidCount": 10,
        "autoFixableCount": 9,
        "totalNumbers": 236
      },
      {
        "name": "Chełm",
        "divisionSlug": "województwo-lubelskie",
        "slug": "chełm",
        "invalidCount": 13,
        "autoFixableCount": 12,
        "totalNumbers": 106
      },
      {
        "name": "powiat zamojski",
        "divisionSlug": "województwo-lubelskie",
        "slug": "powiat-zamojski",
        "invalidCount": 10,
        "autoFixableCount": 7,
        "totalNumbers": 521
      },
      {
        "name": "powiat chełmski",
        "divisionSlug": "województwo-lubelskie",
        "slug": "powiat-chełmski",
        "invalidCount": 9,
        "autoFixableCount": 8,
        "totalNumbers": 129
      },
      {
        "name": "powiat krasnostawski",
        "divisionSlug": "województwo-lubelskie",
        "slug": "powiat-krasnostawski",
        "invalidCount": 17,
        "autoFixableCount": 17,
        "totalNumbers": 164
      },
      {
        "name": "powiat janowski",
        "divisionSlug": "województwo-lubelskie",
        "slug": "powiat-janowski",
        "invalidCount": 10,
        "autoFixableCount": 9,
        "totalNumbers": 263
      },
      {
        "name": "powiat hrubieszowski",
        "divisionSlug": "województwo-lubelskie",
        "slug": "powiat-hrubieszowski",
        "invalidCount": 17,
        "autoFixableCount": 16,
        "totalNumbers": 158
      },
      {
        "name": "powiat opolski",
        "divisionSlug": "województwo-lubelskie",
        "slug": "powiat-opolski",
        "invalidCount": 8,
        "autoFixableCount": 8,
        "totalNumbers": 93
      },
      {
        "name": "powiat puławski",
        "divisionSlug": "województwo-lubelskie",
        "slug": "powiat-puławski",
        "invalidCount": 63,
        "autoFixableCount": 56,
        "totalNumbers": 318
      },
      {
        "name": "powiat łukowski",
        "divisionSlug": "województwo-lubelskie",
        "slug": "powiat-łukowski",
        "invalidCount": 15,
        "autoFixableCount": 13,
        "totalNumbers": 140
      },
      {
        "name": "powiat bialski",
        "divisionSlug": "województwo-lubelskie",
        "slug": "powiat-bialski",
        "invalidCount": 27,
        "autoFixableCount": 24,
        "totalNumbers": 336
      },
      {
        "name": "powiat tomaszowski",
        "divisionSlug": "województwo-lubelskie",
        "slug": "powiat-tomaszowski",
        "invalidCount": 27,
        "autoFixableCount": 17,
        "totalNumbers": 591
      },
      {
        "name": "powiat włodawski",
        "divisionSlug": "województwo-lubelskie",
        "slug": "powiat-włodawski",
        "invalidCount": 21,
        "autoFixableCount": 21,
        "totalNumbers": 217
      },
      {
        "name": "powiat kraśnicki",
        "divisionSlug": "województwo-lubelskie",
        "slug": "powiat-kraśnicki",
        "invalidCount": 11,
        "autoFixableCount": 10,
        "totalNumbers": 98
      },
      {
        "name": "powiat lubartowski",
        "divisionSlug": "województwo-lubelskie",
        "slug": "powiat-lubartowski",
        "invalidCount": 21,
        "autoFixableCount": 19,
        "totalNumbers": 308
      },
      {
        "name": "powiat łęczyński",
        "divisionSlug": "województwo-lubelskie",
        "slug": "powiat-łęczyński",
        "invalidCount": 8,
        "autoFixableCount": 7,
        "totalNumbers": 130
      },
      {
        "name": "powiat świdnicki",
        "divisionSlug": "województwo-lubelskie",
        "slug": "powiat-świdnicki",
        "invalidCount": 11,
        "autoFixableCount": 11,
        "totalNumbers": 96
      },
      {
        "name": "powiat parczewski",
        "divisionSlug": "województwo-lubelskie",
        "slug": "powiat-parczewski",
        "invalidCount": 19,
        "autoFixableCount": 18,
        "totalNumbers": 80
      },
      {
        "name": "powiat radzyński",
        "divisionSlug": "województwo-lubelskie",
        "slug": "powiat-radzyński",
        "invalidCount": 9,
        "autoFixableCount": 8,
        "totalNumbers": 192
      }
    ],
    "województwo lubuskie": [
      {
        "name": "Zielona Góra",
        "divisionSlug": "województwo-lubuskie",
        "slug": "zielona-góra",
        "invalidCount": 51,
        "autoFixableCount": 47,
        "totalNumbers": 626
      },
      {
        "name": "powiat zielonogórski",
        "divisionSlug": "województwo-lubuskie",
        "slug": "powiat-zielonogórski",
        "invalidCount": 26,
        "autoFixableCount": 23,
        "totalNumbers": 227
      },
      {
        "name": "powiat świebodziński",
        "divisionSlug": "województwo-lubuskie",
        "slug": "powiat-świebodziński",
        "invalidCount": 25,
        "autoFixableCount": 20,
        "totalNumbers": 198
      },
      {
        "name": "Gorzów Wielkopolski",
        "divisionSlug": "województwo-lubuskie",
        "slug": "gorzów-wielkopolski",
        "invalidCount": 53,
        "autoFixableCount": 50,
        "totalNumbers": 192
      },
      {
        "name": "powiat słubicki",
        "divisionSlug": "województwo-lubuskie",
        "slug": "powiat-słubicki",
        "invalidCount": 23,
        "autoFixableCount": 23,
        "totalNumbers": 193
      },
      {
        "name": "powiat krośnieński",
        "divisionSlug": "województwo-lubuskie",
        "slug": "powiat-krośnieński",
        "invalidCount": 14,
        "autoFixableCount": 14,
        "totalNumbers": 105
      },
      {
        "name": "powiat żarski",
        "divisionSlug": "województwo-lubuskie",
        "slug": "powiat-żarski",
        "invalidCount": 40,
        "autoFixableCount": 39,
        "totalNumbers": 161
      },
      {
        "name": "powiat żagański",
        "divisionSlug": "województwo-lubuskie",
        "slug": "powiat-żagański",
        "invalidCount": 8,
        "autoFixableCount": 8,
        "totalNumbers": 101
      },
      {
        "name": "powiat nowosolski",
        "divisionSlug": "województwo-lubuskie",
        "slug": "powiat-nowosolski",
        "invalidCount": 14,
        "autoFixableCount": 14,
        "totalNumbers": 138
      },
      {
        "name": "powiat wschowski",
        "divisionSlug": "województwo-lubuskie",
        "slug": "powiat-wschowski",
        "invalidCount": 16,
        "autoFixableCount": 15,
        "totalNumbers": 85
      },
      {
        "name": "powiat sulęciński",
        "divisionSlug": "województwo-lubuskie",
        "slug": "powiat-sulęciński",
        "invalidCount": 15,
        "autoFixableCount": 13,
        "totalNumbers": 92
      },
      {
        "name": "powiat międzyrzecki",
        "divisionSlug": "województwo-lubuskie",
        "slug": "powiat-międzyrzecki",
        "invalidCount": 17,
        "autoFixableCount": 17,
        "totalNumbers": 213
      },
      {
        "name": "powiat strzelecko-drezdenecki",
        "divisionSlug": "województwo-lubuskie",
        "slug": "powiat-strzelecko-drezdenecki",
        "invalidCount": 22,
        "autoFixableCount": 21,
        "totalNumbers": 105
      },
      {
        "name": "powiat gorzowski",
        "divisionSlug": "województwo-lubuskie",
        "slug": "powiat-gorzowski",
        "invalidCount": 19,
        "autoFixableCount": 18,
        "totalNumbers": 106
      }
    ],
    "województwo łódzkie": [
      {
        "name": "powiat łowicki",
        "divisionSlug": "województwo-łódzkie",
        "slug": "powiat-łowicki",
        "invalidCount": 64,
        "autoFixableCount": 62,
        "totalNumbers": 255
      },
      {
        "name": "powiat skierniewicki",
        "divisionSlug": "województwo-łódzkie",
        "slug": "powiat-skierniewicki",
        "invalidCount": 11,
        "autoFixableCount": 11,
        "totalNumbers": 122
      },
      {
        "name": "powiat kutnowski",
        "divisionSlug": "województwo-łódzkie",
        "slug": "powiat-kutnowski",
        "invalidCount": 23,
        "autoFixableCount": 21,
        "totalNumbers": 200
      },
      {
        "name": "powiat poddębicki",
        "divisionSlug": "województwo-łódzkie",
        "slug": "powiat-poddębicki",
        "invalidCount": 9,
        "autoFixableCount": 9,
        "totalNumbers": 207
      },
      {
        "name": "powiat zgierski",
        "divisionSlug": "województwo-łódzkie",
        "slug": "powiat-zgierski",
        "invalidCount": 51,
        "autoFixableCount": 47,
        "totalNumbers": 399
      },
      {
        "name": "Łódź",
        "divisionSlug": "województwo-łódzkie",
        "slug": "łódź",
        "invalidCount": 364,
        "autoFixableCount": 330,
        "totalNumbers": 2187
      },
      {
        "name": "Skierniewice",
        "divisionSlug": "województwo-łódzkie",
        "slug": "skierniewice",
        "invalidCount": 21,
        "autoFixableCount": 19,
        "totalNumbers": 97
      },
      {
        "name": "Piotrków Trybunalski",
        "divisionSlug": "województwo-łódzkie",
        "slug": "piotrków-trybunalski",
        "invalidCount": 6,
        "autoFixableCount": 6,
        "totalNumbers": 72
      },
      {
        "name": "powiat łęczycki",
        "divisionSlug": "województwo-łódzkie",
        "slug": "powiat-łęczycki",
        "invalidCount": 18,
        "autoFixableCount": 16,
        "totalNumbers": 102
      },
      {
        "name": "powiat radomszczański",
        "divisionSlug": "województwo-łódzkie",
        "slug": "powiat-radomszczański",
        "invalidCount": 26,
        "autoFixableCount": 19,
        "totalNumbers": 207
      },
      {
        "name": "powiat rawski",
        "divisionSlug": "województwo-łódzkie",
        "slug": "powiat-rawski",
        "invalidCount": 14,
        "autoFixableCount": 14,
        "totalNumbers": 111
      },
      {
        "name": "powiat tomaszowski",
        "divisionSlug": "województwo-łódzkie",
        "slug": "powiat-tomaszowski",
        "invalidCount": 35,
        "autoFixableCount": 30,
        "totalNumbers": 419
      },
      {
        "name": "powiat opoczyński",
        "divisionSlug": "województwo-łódzkie",
        "slug": "powiat-opoczyński",
        "invalidCount": 79,
        "autoFixableCount": 74,
        "totalNumbers": 253
      },
      {
        "name": "powiat bełchatowski",
        "divisionSlug": "województwo-łódzkie",
        "slug": "powiat-bełchatowski",
        "invalidCount": 32,
        "autoFixableCount": 30,
        "totalNumbers": 138
      },
      {
        "name": "powiat pajęczański",
        "divisionSlug": "województwo-łódzkie",
        "slug": "powiat-pajęczański",
        "invalidCount": 8,
        "autoFixableCount": 6,
        "totalNumbers": 78
      },
      {
        "name": "powiat sieradzki",
        "divisionSlug": "województwo-łódzkie",
        "slug": "powiat-sieradzki",
        "invalidCount": 60,
        "autoFixableCount": 60,
        "totalNumbers": 232
      },
      {
        "name": "powiat wieluński",
        "divisionSlug": "województwo-łódzkie",
        "slug": "powiat-wieluński",
        "invalidCount": 29,
        "autoFixableCount": 26,
        "totalNumbers": 138
      },
      {
        "name": "powiat wieruszowski",
        "divisionSlug": "województwo-łódzkie",
        "slug": "powiat-wieruszowski",
        "invalidCount": 6,
        "autoFixableCount": 2,
        "totalNumbers": 43
      },
      {
        "name": "powiat łaski",
        "divisionSlug": "województwo-łódzkie",
        "slug": "powiat-łaski",
        "invalidCount": 11,
        "autoFixableCount": 11,
        "totalNumbers": 90
      },
      {
        "name": "powiat zduńskowolski",
        "divisionSlug": "województwo-łódzkie",
        "slug": "powiat-zduńskowolski",
        "invalidCount": 164,
        "autoFixableCount": 163,
        "totalNumbers": 225
      },
      {
        "name": "powiat pabianicki",
        "divisionSlug": "województwo-łódzkie",
        "slug": "powiat-pabianicki",
        "invalidCount": 46,
        "autoFixableCount": 42,
        "totalNumbers": 324
      },
      {
        "name": "powiat brzeziński",
        "divisionSlug": "województwo-łódzkie",
        "slug": "powiat-brzeziński",
        "invalidCount": 17,
        "autoFixableCount": 15,
        "totalNumbers": 97
      },
      {
        "name": "powiat piotrkowski",
        "divisionSlug": "województwo-łódzkie",
        "slug": "powiat-piotrkowski",
        "invalidCount": 17,
        "autoFixableCount": 17,
        "totalNumbers": 105
      },
      {
        "name": "powiat łódzki wschodni",
        "divisionSlug": "województwo-łódzkie",
        "slug": "powiat-łódzki-wschodni",
        "invalidCount": 12,
        "autoFixableCount": 12,
        "totalNumbers": 177
      }
    ],
    "województwo małopolskie": [
      {
        "name": "Kraków",
        "divisionSlug": "województwo-małopolskie",
        "slug": "kraków",
        "invalidCount": 512,
        "autoFixableCount": 486,
        "totalNumbers": 3159
      },
      {
        "name": "powiat myślenicki",
        "divisionSlug": "województwo-małopolskie",
        "slug": "powiat-myślenicki",
        "invalidCount": 31,
        "autoFixableCount": 24,
        "totalNumbers": 178
      },
      {
        "name": "powiat chrzanowski",
        "divisionSlug": "województwo-małopolskie",
        "slug": "powiat-chrzanowski",
        "invalidCount": 81,
        "autoFixableCount": 74,
        "totalNumbers": 472
      },
      {
        "name": "powiat nowotarski",
        "divisionSlug": "województwo-małopolskie",
        "slug": "powiat-nowotarski",
        "invalidCount": 118,
        "autoFixableCount": 109,
        "totalNumbers": 575
      },
      {
        "name": "powiat suski",
        "divisionSlug": "województwo-małopolskie",
        "slug": "powiat-suski",
        "invalidCount": 29,
        "autoFixableCount": 25,
        "totalNumbers": 167
      },
      {
        "name": "powiat tatrzański",
        "divisionSlug": "województwo-małopolskie",
        "slug": "powiat-tatrzański",
        "invalidCount": 54,
        "autoFixableCount": 51,
        "totalNumbers": 625
      },
      {
        "name": "powiat wadowicki",
        "divisionSlug": "województwo-małopolskie",
        "slug": "powiat-wadowicki",
        "invalidCount": 49,
        "autoFixableCount": 41,
        "totalNumbers": 902
      },
      {
        "name": "powiat olkuski",
        "divisionSlug": "województwo-małopolskie",
        "slug": "powiat-olkuski",
        "invalidCount": 48,
        "autoFixableCount": 40,
        "totalNumbers": 181
      },
      {
        "name": "powiat krakowski",
        "divisionSlug": "województwo-małopolskie",
        "slug": "powiat-krakowski",
        "invalidCount": 124,
        "autoFixableCount": 116,
        "totalNumbers": 635
      },
      {
        "name": "powiat wielicki",
        "divisionSlug": "województwo-małopolskie",
        "slug": "powiat-wielicki",
        "invalidCount": 84,
        "autoFixableCount": 78,
        "totalNumbers": 336
      },
      {
        "name": "powiat bocheński",
        "divisionSlug": "województwo-małopolskie",
        "slug": "powiat-bocheński",
        "invalidCount": 32,
        "autoFixableCount": 31,
        "totalNumbers": 194
      },
      {
        "name": "powiat proszowicki",
        "divisionSlug": "województwo-małopolskie",
        "slug": "powiat-proszowicki",
        "invalidCount": 17,
        "autoFixableCount": 16,
        "totalNumbers": 86
      },
      {
        "name": "powiat oświęcimski",
        "divisionSlug": "województwo-małopolskie",
        "slug": "powiat-oświęcimski",
        "invalidCount": 77,
        "autoFixableCount": 74,
        "totalNumbers": 361
      },
      {
        "name": "powiat miechowski",
        "divisionSlug": "województwo-małopolskie",
        "slug": "powiat-miechowski",
        "invalidCount": 9,
        "autoFixableCount": 8,
        "totalNumbers": 70
      },
      {
        "name": "powiat limanowski",
        "divisionSlug": "województwo-małopolskie",
        "slug": "powiat-limanowski",
        "invalidCount": 43,
        "autoFixableCount": 39,
        "totalNumbers": 300
      },
      {
        "name": "powiat nowosądecki",
        "divisionSlug": "województwo-małopolskie",
        "slug": "powiat-nowosądecki",
        "invalidCount": 71,
        "autoFixableCount": 66,
        "totalNumbers": 391
      },
      {
        "name": "powiat brzeski",
        "divisionSlug": "województwo-małopolskie",
        "slug": "powiat-brzeski",
        "invalidCount": 54,
        "autoFixableCount": 40,
        "totalNumbers": 229
      },
      {
        "name": "powiat tarnowski",
        "divisionSlug": "województwo-małopolskie",
        "slug": "powiat-tarnowski",
        "invalidCount": 34,
        "autoFixableCount": 31,
        "totalNumbers": 306
      },
      {
        "name": "powiat gorlicki",
        "divisionSlug": "województwo-małopolskie",
        "slug": "powiat-gorlicki",
        "invalidCount": 32,
        "autoFixableCount": 27,
        "totalNumbers": 217
      },
      {
        "name": "Tarnów",
        "divisionSlug": "województwo-małopolskie",
        "slug": "tarnów",
        "invalidCount": 63,
        "autoFixableCount": 60,
        "totalNumbers": 426
      },
      {
        "name": "Nowy Sącz",
        "divisionSlug": "województwo-małopolskie",
        "slug": "nowy-sącz",
        "invalidCount": 57,
        "autoFixableCount": 55,
        "totalNumbers": 502
      },
      {
        "name": "powiat dąbrowski",
        "divisionSlug": "województwo-małopolskie",
        "slug": "powiat-dąbrowski",
        "invalidCount": 15,
        "autoFixableCount": 14,
        "totalNumbers": 90
      }
    ],
    "województwo mazowieckie": [
      {
        "name": "powiat płocki",
        "divisionSlug": "województwo-mazowieckie",
        "slug": "powiat-płocki",
        "invalidCount": 46,
        "autoFixableCount": 45,
        "totalNumbers": 178
      },
      {
        "name": "powiat płoński",
        "divisionSlug": "województwo-mazowieckie",
        "slug": "powiat-płoński",
        "invalidCount": 16,
        "autoFixableCount": 15,
        "totalNumbers": 124
      },
      {
        "name": "powiat gostyniński",
        "divisionSlug": "województwo-mazowieckie",
        "slug": "powiat-gostyniński",
        "invalidCount": 8,
        "autoFixableCount": 7,
        "totalNumbers": 78
      },
      {
        "name": "powiat sochaczewski",
        "divisionSlug": "województwo-mazowieckie",
        "slug": "powiat-sochaczewski",
        "invalidCount": 73,
        "autoFixableCount": 69,
        "totalNumbers": 535
      },
      {
        "name": "Warszawa",
        "divisionSlug": "województwo-mazowieckie",
        "slug": "warszawa",
        "invalidCount": 773,
        "autoFixableCount": 697,
        "totalNumbers": 9913
      },
      {
        "name": "powiat warszawski zachodni",
        "divisionSlug": "województwo-mazowieckie",
        "slug": "powiat-warszawski-zachodni",
        "invalidCount": 51,
        "autoFixableCount": 42,
        "totalNumbers": 381
      },
      {
        "name": "powiat grodziski",
        "divisionSlug": "województwo-mazowieckie",
        "slug": "powiat-grodziski",
        "invalidCount": 37,
        "autoFixableCount": 37,
        "totalNumbers": 249
      },
      {
        "name": "powiat żyrardowski",
        "divisionSlug": "województwo-mazowieckie",
        "slug": "powiat-żyrardowski",
        "invalidCount": 37,
        "autoFixableCount": 33,
        "totalNumbers": 217
      },
      {
        "name": "Płock",
        "divisionSlug": "województwo-mazowieckie",
        "slug": "płock",
        "invalidCount": 100,
        "autoFixableCount": 97,
        "totalNumbers": 414
      },
      {
        "name": "Siedlce",
        "divisionSlug": "województwo-mazowieckie",
        "slug": "siedlce",
        "invalidCount": 16,
        "autoFixableCount": 16,
        "totalNumbers": 110
      },
      {
        "name": "powiat siedlecki",
        "divisionSlug": "województwo-mazowieckie",
        "slug": "powiat-siedlecki",
        "invalidCount": 11,
        "autoFixableCount": 11,
        "totalNumbers": 139
      },
      {
        "name": "powiat legionowski",
        "divisionSlug": "województwo-mazowieckie",
        "slug": "powiat-legionowski",
        "invalidCount": 48,
        "autoFixableCount": 44,
        "totalNumbers": 360
      },
      {
        "name": "powiat wołomiński",
        "divisionSlug": "województwo-mazowieckie",
        "slug": "powiat-wołomiński",
        "invalidCount": 35,
        "autoFixableCount": 33,
        "totalNumbers": 822
      },
      {
        "name": "Ostrołęka",
        "divisionSlug": "województwo-mazowieckie",
        "slug": "ostrołęka",
        "invalidCount": 78,
        "autoFixableCount": 77,
        "totalNumbers": 158
      },
      {
        "name": "powiat piaseczyński",
        "divisionSlug": "województwo-mazowieckie",
        "slug": "powiat-piaseczyński",
        "invalidCount": 80,
        "autoFixableCount": 75,
        "totalNumbers": 1048
      },
      {
        "name": "powiat kozienicki",
        "divisionSlug": "województwo-mazowieckie",
        "slug": "powiat-kozienicki",
        "invalidCount": 44,
        "autoFixableCount": 42,
        "totalNumbers": 161
      },
      {
        "name": "powiat radomski",
        "divisionSlug": "województwo-mazowieckie",
        "slug": "powiat-radomski",
        "invalidCount": 118,
        "autoFixableCount": 111,
        "totalNumbers": 352
      },
      {
        "name": "powiat zwoleński",
        "divisionSlug": "województwo-mazowieckie",
        "slug": "powiat-zwoleński",
        "invalidCount": 12,
        "autoFixableCount": 9,
        "totalNumbers": 78
      },
      {
        "name": "powiat pruszkowski",
        "divisionSlug": "województwo-mazowieckie",
        "slug": "powiat-pruszkowski",
        "invalidCount": 20,
        "autoFixableCount": 15,
        "totalNumbers": 874
      },
      {
        "name": "powiat białobrzeski",
        "divisionSlug": "województwo-mazowieckie",
        "slug": "powiat-białobrzeski",
        "invalidCount": 39,
        "autoFixableCount": 16,
        "totalNumbers": 134
      },
      {
        "name": "Radom",
        "divisionSlug": "województwo-mazowieckie",
        "slug": "radom",
        "invalidCount": 375,
        "autoFixableCount": 355,
        "totalNumbers": 683
      },
      {
        "name": "powiat lipski",
        "divisionSlug": "województwo-mazowieckie",
        "slug": "powiat-lipski",
        "invalidCount": 8,
        "autoFixableCount": 8,
        "totalNumbers": 52
      },
      {
        "name": "powiat szydłowiecki",
        "divisionSlug": "województwo-mazowieckie",
        "slug": "powiat-szydłowiecki",
        "invalidCount": 27,
        "autoFixableCount": 24,
        "totalNumbers": 72
      },
      {
        "name": "powiat grójecki",
        "divisionSlug": "województwo-mazowieckie",
        "slug": "powiat-grójecki",
        "invalidCount": 46,
        "autoFixableCount": 39,
        "totalNumbers": 339
      },
      {
        "name": "powiat przysuski",
        "divisionSlug": "województwo-mazowieckie",
        "slug": "powiat-przysuski",
        "invalidCount": 34,
        "autoFixableCount": 31,
        "totalNumbers": 102
      },
      {
        "name": "powiat łosicki",
        "divisionSlug": "województwo-mazowieckie",
        "slug": "powiat-łosicki",
        "invalidCount": 14,
        "autoFixableCount": 14,
        "totalNumbers": 145
      },
      {
        "name": "powiat nowodworski",
        "divisionSlug": "województwo-mazowieckie",
        "slug": "powiat-nowodworski",
        "invalidCount": 18,
        "autoFixableCount": 18,
        "totalNumbers": 165
      },
      {
        "name": "powiat makowski",
        "divisionSlug": "województwo-mazowieckie",
        "slug": "powiat-makowski",
        "invalidCount": 7,
        "autoFixableCount": 7,
        "totalNumbers": 120
      },
      {
        "name": "powiat garwoliński",
        "divisionSlug": "województwo-mazowieckie",
        "slug": "powiat-garwoliński",
        "invalidCount": 14,
        "autoFixableCount": 14,
        "totalNumbers": 238
      },
      {
        "name": "powiat otwocki",
        "divisionSlug": "województwo-mazowieckie",
        "slug": "powiat-otwocki",
        "invalidCount": 15,
        "autoFixableCount": 15,
        "totalNumbers": 218
      },
      {
        "name": "powiat miński",
        "divisionSlug": "województwo-mazowieckie",
        "slug": "powiat-miński",
        "invalidCount": 28,
        "autoFixableCount": 26,
        "totalNumbers": 313
      },
      {
        "name": "powiat żuromiński",
        "divisionSlug": "województwo-mazowieckie",
        "slug": "powiat-żuromiński",
        "invalidCount": 4,
        "autoFixableCount": 3,
        "totalNumbers": 70
      },
      {
        "name": "powiat mławski",
        "divisionSlug": "województwo-mazowieckie",
        "slug": "powiat-mławski",
        "invalidCount": 5,
        "autoFixableCount": 5,
        "totalNumbers": 104
      },
      {
        "name": "powiat sierpecki",
        "divisionSlug": "województwo-mazowieckie",
        "slug": "powiat-sierpecki",
        "invalidCount": 6,
        "autoFixableCount": 5,
        "totalNumbers": 47
      },
      {
        "name": "powiat ciechanowski",
        "divisionSlug": "województwo-mazowieckie",
        "slug": "powiat-ciechanowski",
        "invalidCount": 16,
        "autoFixableCount": 16,
        "totalNumbers": 167
      },
      {
        "name": "powiat przasnyski",
        "divisionSlug": "województwo-mazowieckie",
        "slug": "powiat-przasnyski",
        "invalidCount": 3,
        "autoFixableCount": 3,
        "totalNumbers": 102
      },
      {
        "name": "powiat węgrowski",
        "divisionSlug": "województwo-mazowieckie",
        "slug": "powiat-węgrowski",
        "invalidCount": 22,
        "autoFixableCount": 21,
        "totalNumbers": 108
      },
      {
        "name": "powiat ostrołęcki",
        "divisionSlug": "województwo-mazowieckie",
        "slug": "powiat-ostrołęcki",
        "invalidCount": 8,
        "autoFixableCount": 8,
        "totalNumbers": 103
      },
      {
        "name": "powiat ostrowski",
        "divisionSlug": "województwo-mazowieckie",
        "slug": "powiat-ostrowski",
        "invalidCount": 10,
        "autoFixableCount": 10,
        "totalNumbers": 137
      },
      {
        "name": "powiat pułtuski",
        "divisionSlug": "województwo-mazowieckie",
        "slug": "powiat-pułtuski",
        "invalidCount": 3,
        "autoFixableCount": 3,
        "totalNumbers": 66
      },
      {
        "name": "powiat wyszkowski",
        "divisionSlug": "województwo-mazowieckie",
        "slug": "powiat-wyszkowski",
        "invalidCount": 15,
        "autoFixableCount": 14,
        "totalNumbers": 116
      },
      {
        "name": "powiat sokołowski",
        "divisionSlug": "województwo-mazowieckie",
        "slug": "powiat-sokołowski",
        "invalidCount": 14,
        "autoFixableCount": 13,
        "totalNumbers": 161
      }
    ],
    "województwo opolskie": [
      {
        "name": "powiat oleski",
        "divisionSlug": "województwo-opolskie",
        "slug": "powiat-oleski",
        "invalidCount": 101,
        "autoFixableCount": 99,
        "totalNumbers": 351
      },
      {
        "name": "powiat kluczborski",
        "divisionSlug": "województwo-opolskie",
        "slug": "powiat-kluczborski",
        "invalidCount": 37,
        "autoFixableCount": 34,
        "totalNumbers": 159
      },
      {
        "name": "powiat namysłowski",
        "divisionSlug": "województwo-opolskie",
        "slug": "powiat-namysłowski",
        "invalidCount": 5,
        "autoFixableCount": 5,
        "totalNumbers": 156
      },
      {
        "name": "Opole",
        "divisionSlug": "województwo-opolskie",
        "slug": "opole",
        "invalidCount": 85,
        "autoFixableCount": 77,
        "totalNumbers": 415
      },
      {
        "name": "powiat krapkowicki",
        "divisionSlug": "województwo-opolskie",
        "slug": "powiat-krapkowicki",
        "invalidCount": 3,
        "autoFixableCount": 2,
        "totalNumbers": 172
      },
      {
        "name": "powiat nyski",
        "divisionSlug": "województwo-opolskie",
        "slug": "powiat-nyski",
        "invalidCount": 43,
        "autoFixableCount": 38,
        "totalNumbers": 486
      },
      {
        "name": "powiat opolski",
        "divisionSlug": "województwo-opolskie",
        "slug": "powiat-opolski",
        "invalidCount": 29,
        "autoFixableCount": 26,
        "totalNumbers": 297
      },
      {
        "name": "powiat prudnicki",
        "divisionSlug": "województwo-opolskie",
        "slug": "powiat-prudnicki",
        "invalidCount": 5,
        "autoFixableCount": 3,
        "totalNumbers": 143
      },
      {
        "name": "powiat kędzierzyńsko-kozielski",
        "divisionSlug": "województwo-opolskie",
        "slug": "powiat-kędzierzyńsko-kozielski",
        "invalidCount": 17,
        "autoFixableCount": 14,
        "totalNumbers": 177
      },
      {
        "name": "powiat strzelecki",
        "divisionSlug": "województwo-opolskie",
        "slug": "powiat-strzelecki",
        "invalidCount": 22,
        "autoFixableCount": 22,
        "totalNumbers": 208
      },
      {
        "name": "powiat głubczycki",
        "divisionSlug": "województwo-opolskie",
        "slug": "powiat-głubczycki",
        "invalidCount": 3,
        "autoFixableCount": 3,
        "totalNumbers": 172
      },
      {
        "name": "powiat brzeski",
        "divisionSlug": "województwo-opolskie",
        "slug": "powiat-brzeski",
        "invalidCount": 26,
        "autoFixableCount": 26,
        "totalNumbers": 352
      }
    ],
    "województwo podkarpackie": [
      {
        "name": "powiat leżajski",
        "divisionSlug": "województwo-podkarpackie",
        "slug": "powiat-leżajski",
        "invalidCount": 14,
        "autoFixableCount": 12,
        "totalNumbers": 106
      },
      {
        "name": "powiat niżański",
        "divisionSlug": "województwo-podkarpackie",
        "slug": "powiat-niżański",
        "invalidCount": 11,
        "autoFixableCount": 10,
        "totalNumbers": 360
      },
      {
        "name": "powiat stalowowolski",
        "divisionSlug": "województwo-podkarpackie",
        "slug": "powiat-stalowowolski",
        "invalidCount": 17,
        "autoFixableCount": 14,
        "totalNumbers": 258
      },
      {
        "name": "Tarnobrzeg",
        "divisionSlug": "województwo-podkarpackie",
        "slug": "tarnobrzeg",
        "invalidCount": 18,
        "autoFixableCount": 17,
        "totalNumbers": 122
      },
      {
        "name": "powiat bieszczadzki",
        "divisionSlug": "województwo-podkarpackie",
        "slug": "powiat-bieszczadzki",
        "invalidCount": 8,
        "autoFixableCount": 7,
        "totalNumbers": 200
      },
      {
        "name": "powiat leski",
        "divisionSlug": "województwo-podkarpackie",
        "slug": "powiat-leski",
        "invalidCount": 22,
        "autoFixableCount": 21,
        "totalNumbers": 337
      },
      {
        "name": "powiat przeworski",
        "divisionSlug": "województwo-podkarpackie",
        "slug": "powiat-przeworski",
        "invalidCount": 47,
        "autoFixableCount": 47,
        "totalNumbers": 187
      },
      {
        "name": "powiat lubaczowski",
        "divisionSlug": "województwo-podkarpackie",
        "slug": "powiat-lubaczowski",
        "invalidCount": 17,
        "autoFixableCount": 17,
        "totalNumbers": 130
      },
      {
        "name": "powiat tarnobrzeski",
        "divisionSlug": "województwo-podkarpackie",
        "slug": "powiat-tarnobrzeski",
        "invalidCount": 11,
        "autoFixableCount": 10,
        "totalNumbers": 65
      },
      {
        "name": "Rzeszów",
        "divisionSlug": "województwo-podkarpackie",
        "slug": "rzeszów",
        "invalidCount": 154,
        "autoFixableCount": 135,
        "totalNumbers": 1368
      },
      {
        "name": "Przemyśl",
        "divisionSlug": "województwo-podkarpackie",
        "slug": "przemyśl",
        "invalidCount": 32,
        "autoFixableCount": 28,
        "totalNumbers": 272
      },
      {
        "name": "Krosno",
        "divisionSlug": "województwo-podkarpackie",
        "slug": "krosno",
        "invalidCount": 21,
        "autoFixableCount": 20,
        "totalNumbers": 138
      },
      {
        "name": "powiat dębicki",
        "divisionSlug": "województwo-podkarpackie",
        "slug": "powiat-dębicki",
        "invalidCount": 46,
        "autoFixableCount": 45,
        "totalNumbers": 228
      },
      {
        "name": "powiat jasielski",
        "divisionSlug": "województwo-podkarpackie",
        "slug": "powiat-jasielski",
        "invalidCount": 72,
        "autoFixableCount": 45,
        "totalNumbers": 228
      },
      {
        "name": "powiat mielecki",
        "divisionSlug": "województwo-podkarpackie",
        "slug": "powiat-mielecki",
        "invalidCount": 38,
        "autoFixableCount": 37,
        "totalNumbers": 339
      },
      {
        "name": "powiat krośnieński",
        "divisionSlug": "województwo-podkarpackie",
        "slug": "powiat-krośnieński",
        "invalidCount": 32,
        "autoFixableCount": 29,
        "totalNumbers": 370
      },
      {
        "name": "powiat jarosławski",
        "divisionSlug": "województwo-podkarpackie",
        "slug": "powiat-jarosławski",
        "invalidCount": 47,
        "autoFixableCount": 25,
        "totalNumbers": 432
      },
      {
        "name": "powiat ropczycko-sędziszowski",
        "divisionSlug": "województwo-podkarpackie",
        "slug": "powiat-ropczycko-sędziszowski",
        "invalidCount": 14,
        "autoFixableCount": 12,
        "totalNumbers": 117
      },
      {
        "name": "powiat kolbuszowski",
        "divisionSlug": "województwo-podkarpackie",
        "slug": "powiat-kolbuszowski",
        "invalidCount": 18,
        "autoFixableCount": 14,
        "totalNumbers": 544
      },
      {
        "name": "powiat rzeszowski",
        "divisionSlug": "województwo-podkarpackie",
        "slug": "powiat-rzeszowski",
        "invalidCount": 63,
        "autoFixableCount": 60,
        "totalNumbers": 402
      },
      {
        "name": "powiat brzozowski",
        "divisionSlug": "województwo-podkarpackie",
        "slug": "powiat-brzozowski",
        "invalidCount": 26,
        "autoFixableCount": 23,
        "totalNumbers": 138
      },
      {
        "name": "powiat przemyski",
        "divisionSlug": "województwo-podkarpackie",
        "slug": "powiat-przemyski",
        "invalidCount": 37,
        "autoFixableCount": 35,
        "totalNumbers": 296
      },
      {
        "name": "powiat sanocki",
        "divisionSlug": "województwo-podkarpackie",
        "slug": "powiat-sanocki",
        "invalidCount": 39,
        "autoFixableCount": 35,
        "totalNumbers": 281
      },
      {
        "name": "powiat strzyżowski",
        "divisionSlug": "województwo-podkarpackie",
        "slug": "powiat-strzyżowski",
        "invalidCount": 35,
        "autoFixableCount": 33,
        "totalNumbers": 182
      },
      {
        "name": "powiat łańcucki",
        "divisionSlug": "województwo-podkarpackie",
        "slug": "powiat-łańcucki",
        "invalidCount": 174,
        "autoFixableCount": 168,
        "totalNumbers": 332
      }
    ],
    "województwo podlaskie": [
      {
        "name": "Białystok",
        "divisionSlug": "województwo-podlaskie",
        "slug": "białystok",
        "invalidCount": 87,
        "autoFixableCount": 77,
        "totalNumbers": 1823
      },
      {
        "name": "powiat suwalski",
        "divisionSlug": "województwo-podlaskie",
        "slug": "powiat-suwalski",
        "invalidCount": 15,
        "autoFixableCount": 14,
        "totalNumbers": 88
      },
      {
        "name": "Łomża",
        "divisionSlug": "województwo-podlaskie",
        "slug": "łomża",
        "invalidCount": 34,
        "autoFixableCount": 33,
        "totalNumbers": 148
      },
      {
        "name": "powiat łomżyński",
        "divisionSlug": "województwo-podlaskie",
        "slug": "powiat-łomżyński",
        "invalidCount": 14,
        "autoFixableCount": 14,
        "totalNumbers": 81
      },
      {
        "name": "powiat zambrowski",
        "divisionSlug": "województwo-podlaskie",
        "slug": "powiat-zambrowski",
        "invalidCount": 9,
        "autoFixableCount": 9,
        "totalNumbers": 47
      },
      {
        "name": "powiat siemiatycki",
        "divisionSlug": "województwo-podlaskie",
        "slug": "powiat-siemiatycki",
        "invalidCount": 5,
        "autoFixableCount": 5,
        "totalNumbers": 138
      },
      {
        "name": "powiat wysokomazowiecki",
        "divisionSlug": "województwo-podlaskie",
        "slug": "powiat-wysokomazowiecki",
        "invalidCount": 27,
        "autoFixableCount": 27,
        "totalNumbers": 131
      },
      {
        "name": "powiat kolneński",
        "divisionSlug": "województwo-podlaskie",
        "slug": "powiat-kolneński",
        "invalidCount": 22,
        "autoFixableCount": 22,
        "totalNumbers": 71
      },
      {
        "name": "powiat augustowski",
        "divisionSlug": "województwo-podlaskie",
        "slug": "powiat-augustowski",
        "invalidCount": 23,
        "autoFixableCount": 22,
        "totalNumbers": 181
      },
      {
        "name": "powiat białostocki",
        "divisionSlug": "województwo-podlaskie",
        "slug": "powiat-białostocki",
        "invalidCount": 130,
        "autoFixableCount": 128,
        "totalNumbers": 408
      },
      {
        "name": "powiat bielski",
        "divisionSlug": "województwo-podlaskie",
        "slug": "powiat-bielski",
        "invalidCount": 16,
        "autoFixableCount": 15,
        "totalNumbers": 115
      },
      {
        "name": "powiat grajewski",
        "divisionSlug": "województwo-podlaskie",
        "slug": "powiat-grajewski",
        "invalidCount": 6,
        "autoFixableCount": 6,
        "totalNumbers": 103
      },
      {
        "name": "powiat hajnowski",
        "divisionSlug": "województwo-podlaskie",
        "slug": "powiat-hajnowski",
        "invalidCount": 16,
        "autoFixableCount": 16,
        "totalNumbers": 151
      },
      {
        "name": "powiat moniecki",
        "divisionSlug": "województwo-podlaskie",
        "slug": "powiat-moniecki",
        "invalidCount": 24,
        "autoFixableCount": 24,
        "totalNumbers": 102
      },
      {
        "name": "powiat sejneński",
        "divisionSlug": "województwo-podlaskie",
        "slug": "powiat-sejneński",
        "invalidCount": 4,
        "autoFixableCount": 3,
        "totalNumbers": 73
      },
      {
        "name": "powiat sokólski",
        "divisionSlug": "województwo-podlaskie",
        "slug": "powiat-sokólski",
        "invalidCount": 27,
        "autoFixableCount": 26,
        "totalNumbers": 123
      },
      {
        "name": "Suwałki",
        "divisionSlug": "województwo-podlaskie",
        "slug": "suwałki",
        "invalidCount": 37,
        "autoFixableCount": 36,
        "totalNumbers": 119
      }
    ],
    "województwo pomorskie": [
      {
        "name": "powiat chojnicki",
        "divisionSlug": "województwo-pomorskie",
        "slug": "powiat-chojnicki",
        "invalidCount": 35,
        "autoFixableCount": 34,
        "totalNumbers": 272
      },
      {
        "name": "powiat starogardzki",
        "divisionSlug": "województwo-pomorskie",
        "slug": "powiat-starogardzki",
        "invalidCount": 209,
        "autoFixableCount": 207,
        "totalNumbers": 471
      },
      {
        "name": "powiat kościerski",
        "divisionSlug": "województwo-pomorskie",
        "slug": "powiat-kościerski",
        "invalidCount": 67,
        "autoFixableCount": 65,
        "totalNumbers": 174
      },
      {
        "name": "powiat człuchowski",
        "divisionSlug": "województwo-pomorskie",
        "slug": "powiat-człuchowski",
        "invalidCount": 17,
        "autoFixableCount": 17,
        "totalNumbers": 103
      },
      {
        "name": "powiat bytowski",
        "divisionSlug": "województwo-pomorskie",
        "slug": "powiat-bytowski",
        "invalidCount": 59,
        "autoFixableCount": 54,
        "totalNumbers": 171
      },
      {
        "name": "powiat słupski",
        "divisionSlug": "województwo-pomorskie",
        "slug": "powiat-słupski",
        "invalidCount": 56,
        "autoFixableCount": 50,
        "totalNumbers": 373
      },
      {
        "name": "powiat tczewski",
        "divisionSlug": "województwo-pomorskie",
        "slug": "powiat-tczewski",
        "invalidCount": 74,
        "autoFixableCount": 71,
        "totalNumbers": 203
      },
      {
        "name": "powiat kwidzyński",
        "divisionSlug": "województwo-pomorskie",
        "slug": "powiat-kwidzyński",
        "invalidCount": 9,
        "autoFixableCount": 7,
        "totalNumbers": 91
      },
      {
        "name": "powiat sztumski",
        "divisionSlug": "województwo-pomorskie",
        "slug": "powiat-sztumski",
        "invalidCount": 9,
        "autoFixableCount": 9,
        "totalNumbers": 55
      },
      {
        "name": "powiat malborski",
        "divisionSlug": "województwo-pomorskie",
        "slug": "powiat-malborski",
        "invalidCount": 25,
        "autoFixableCount": 24,
        "totalNumbers": 107
      },
      {
        "name": "powiat gdański",
        "divisionSlug": "województwo-pomorskie",
        "slug": "powiat-gdański",
        "invalidCount": 79,
        "autoFixableCount": 76,
        "totalNumbers": 307
      },
      {
        "name": "powiat kartuski",
        "divisionSlug": "województwo-pomorskie",
        "slug": "powiat-kartuski",
        "invalidCount": 41,
        "autoFixableCount": 37,
        "totalNumbers": 902
      },
      {
        "name": "powiat lęborski",
        "divisionSlug": "województwo-pomorskie",
        "slug": "powiat-lęborski",
        "invalidCount": 40,
        "autoFixableCount": 36,
        "totalNumbers": 257
      },
      {
        "name": "powiat wejherowski",
        "divisionSlug": "województwo-pomorskie",
        "slug": "powiat-wejherowski",
        "invalidCount": 569,
        "autoFixableCount": 558,
        "totalNumbers": 919
      },
      {
        "name": "powiat pucki",
        "divisionSlug": "województwo-pomorskie",
        "slug": "powiat-pucki",
        "invalidCount": 160,
        "autoFixableCount": 154,
        "totalNumbers": 798
      },
      {
        "name": "powiat nowodworski",
        "divisionSlug": "województwo-pomorskie",
        "slug": "powiat-nowodworski",
        "invalidCount": 18,
        "autoFixableCount": 17,
        "totalNumbers": 202
      },
      {
        "name": "Gdańsk",
        "divisionSlug": "województwo-pomorskie",
        "slug": "gdańsk",
        "invalidCount": 351,
        "autoFixableCount": 316,
        "totalNumbers": 2691
      },
      {
        "name": "Sopot",
        "divisionSlug": "województwo-pomorskie",
        "slug": "sopot",
        "invalidCount": 27,
        "autoFixableCount": 26,
        "totalNumbers": 186
      },
      {
        "name": "Słupsk",
        "divisionSlug": "województwo-pomorskie",
        "slug": "słupsk",
        "invalidCount": 62,
        "autoFixableCount": 61,
        "totalNumbers": 237
      },
      {
        "name": "Gdynia",
        "divisionSlug": "województwo-pomorskie",
        "slug": "gdynia",
        "invalidCount": 104,
        "autoFixableCount": 88,
        "totalNumbers": 1421
      }
    ],
    "województwo śląskie": [
      {
        "name": "Katowice",
        "divisionSlug": "województwo-śląskie",
        "slug": "katowice",
        "invalidCount": 229,
        "autoFixableCount": 213,
        "totalNumbers": 2781
      },
      {
        "name": "Siemianowice Śląskie",
        "divisionSlug": "województwo-śląskie",
        "slug": "siemianowice-śląskie",
        "invalidCount": 22,
        "autoFixableCount": 19,
        "totalNumbers": 264
      },
      {
        "name": "Chorzów",
        "divisionSlug": "województwo-śląskie",
        "slug": "chorzów",
        "invalidCount": 55,
        "autoFixableCount": 52,
        "totalNumbers": 368
      },
      {
        "name": "Świętochłowice",
        "divisionSlug": "województwo-śląskie",
        "slug": "świętochłowice",
        "invalidCount": 17,
        "autoFixableCount": 15,
        "totalNumbers": 126
      },
      {
        "name": "Bytom",
        "divisionSlug": "województwo-śląskie",
        "slug": "bytom",
        "invalidCount": 147,
        "autoFixableCount": 138,
        "totalNumbers": 409
      },
      {
        "name": "Piekary Śląskie",
        "divisionSlug": "województwo-śląskie",
        "slug": "piekary-śląskie",
        "invalidCount": 20,
        "autoFixableCount": 19,
        "totalNumbers": 70
      },
      {
        "name": "Ruda Śląska",
        "divisionSlug": "województwo-śląskie",
        "slug": "ruda-śląska",
        "invalidCount": 55,
        "autoFixableCount": 53,
        "totalNumbers": 417
      },
      {
        "name": "Mysłowice",
        "divisionSlug": "województwo-śląskie",
        "slug": "mysłowice",
        "invalidCount": 17,
        "autoFixableCount": 15,
        "totalNumbers": 105
      },
      {
        "name": "Bielsko-Biała",
        "divisionSlug": "województwo-śląskie",
        "slug": "bielsko-biała",
        "invalidCount": 105,
        "autoFixableCount": 102,
        "totalNumbers": 537
      },
      {
        "name": "Zabrze",
        "divisionSlug": "województwo-śląskie",
        "slug": "zabrze",
        "invalidCount": 44,
        "autoFixableCount": 40,
        "totalNumbers": 329
      },
      {
        "name": "Jaworzno",
        "divisionSlug": "województwo-śląskie",
        "slug": "jaworzno",
        "invalidCount": 19,
        "autoFixableCount": 15,
        "totalNumbers": 107
      },
      {
        "name": "Sosnowiec",
        "divisionSlug": "województwo-śląskie",
        "slug": "sosnowiec",
        "invalidCount": 206,
        "autoFixableCount": 201,
        "totalNumbers": 495
      },
      {
        "name": "powiat cieszyński",
        "divisionSlug": "województwo-śląskie",
        "slug": "powiat-cieszyński",
        "invalidCount": 94,
        "autoFixableCount": 93,
        "totalNumbers": 474
      },
      {
        "name": "Gliwice",
        "divisionSlug": "województwo-śląskie",
        "slug": "gliwice",
        "invalidCount": 89,
        "autoFixableCount": 77,
        "totalNumbers": 811
      },
      {
        "name": "powiat gliwicki",
        "divisionSlug": "województwo-śląskie",
        "slug": "powiat-gliwicki",
        "invalidCount": 69,
        "autoFixableCount": 59,
        "totalNumbers": 355
      },
      {
        "name": "powiat tarnogórski",
        "divisionSlug": "województwo-śląskie",
        "slug": "powiat-tarnogórski",
        "invalidCount": 49,
        "autoFixableCount": 43,
        "totalNumbers": 294
      },
      {
        "name": "Częstochowa",
        "divisionSlug": "województwo-śląskie",
        "slug": "częstochowa",
        "invalidCount": 79,
        "autoFixableCount": 75,
        "totalNumbers": 350
      },
      {
        "name": "powiat mikołowski",
        "divisionSlug": "województwo-śląskie",
        "slug": "powiat-mikołowski",
        "invalidCount": 26,
        "autoFixableCount": 25,
        "totalNumbers": 165
      },
      {
        "name": "Dąbrowa Górnicza",
        "divisionSlug": "województwo-śląskie",
        "slug": "dąbrowa-górnicza",
        "invalidCount": 153,
        "autoFixableCount": 140,
        "totalNumbers": 387
      },
      {
        "name": "powiat będziński",
        "divisionSlug": "województwo-śląskie",
        "slug": "powiat-będziński",
        "invalidCount": 315,
        "autoFixableCount": 307,
        "totalNumbers": 591
      },
      {
        "name": "powiat żywiecki",
        "divisionSlug": "województwo-śląskie",
        "slug": "powiat-żywiecki",
        "invalidCount": 34,
        "autoFixableCount": 31,
        "totalNumbers": 372
      },
      {
        "name": "Żory",
        "divisionSlug": "województwo-śląskie",
        "slug": "żory",
        "invalidCount": 10,
        "autoFixableCount": 10,
        "totalNumbers": 116
      },
      {
        "name": "Jastrzębie-Zdrój",
        "divisionSlug": "województwo-śląskie",
        "slug": "jastrzębie-zdrój",
        "invalidCount": 24,
        "autoFixableCount": 24,
        "totalNumbers": 97
      },
      {
        "name": "powiat bielski",
        "divisionSlug": "województwo-śląskie",
        "slug": "powiat-bielski",
        "invalidCount": 47,
        "autoFixableCount": 39,
        "totalNumbers": 399
      },
      {
        "name": "powiat wodzisławski",
        "divisionSlug": "województwo-śląskie",
        "slug": "powiat-wodzisławski",
        "invalidCount": 51,
        "autoFixableCount": 47,
        "totalNumbers": 313
      },
      {
        "name": "powiat pszczyński",
        "divisionSlug": "województwo-śląskie",
        "slug": "powiat-pszczyński",
        "invalidCount": 59,
        "autoFixableCount": 56,
        "totalNumbers": 220
      },
      {
        "name": "powiat bieruńsko-lędziński",
        "divisionSlug": "województwo-śląskie",
        "slug": "powiat-bieruńsko-lędziński",
        "invalidCount": 17,
        "autoFixableCount": 15,
        "totalNumbers": 54
      },
      {
        "name": "Rybnik",
        "divisionSlug": "województwo-śląskie",
        "slug": "rybnik",
        "invalidCount": 30,
        "autoFixableCount": 29,
        "totalNumbers": 386
      },
      {
        "name": "powiat rybnicki",
        "divisionSlug": "województwo-śląskie",
        "slug": "powiat-rybnicki",
        "invalidCount": 22,
        "autoFixableCount": 12,
        "totalNumbers": 121
      },
      {
        "name": "powiat raciborski",
        "divisionSlug": "województwo-śląskie",
        "slug": "powiat-raciborski",
        "invalidCount": 46,
        "autoFixableCount": 42,
        "totalNumbers": 848
      },
      {
        "name": "powiat częstochowski",
        "divisionSlug": "województwo-śląskie",
        "slug": "powiat-częstochowski",
        "invalidCount": 27,
        "autoFixableCount": 26,
        "totalNumbers": 168
      },
      {
        "name": "powiat myszkowski",
        "divisionSlug": "województwo-śląskie",
        "slug": "powiat-myszkowski",
        "invalidCount": 55,
        "autoFixableCount": 52,
        "totalNumbers": 148
      },
      {
        "name": "powiat zawierciański",
        "divisionSlug": "województwo-śląskie",
        "slug": "powiat-zawierciański",
        "invalidCount": 98,
        "autoFixableCount": 94,
        "totalNumbers": 306
      },
      {
        "name": "powiat lubliniecki",
        "divisionSlug": "województwo-śląskie",
        "slug": "powiat-lubliniecki",
        "invalidCount": 23,
        "autoFixableCount": 20,
        "totalNumbers": 418
      },
      {
        "name": "powiat kłobucki",
        "divisionSlug": "województwo-śląskie",
        "slug": "powiat-kłobucki",
        "invalidCount": 13,
        "autoFixableCount": 11,
        "totalNumbers": 119
      },
      {
        "name": "Tychy",
        "divisionSlug": "województwo-śląskie",
        "slug": "tychy",
        "invalidCount": 99,
        "autoFixableCount": 93,
        "totalNumbers": 354
      }
    ],
    "województwo świętokrzyskie": [
      {
        "name": "Kielce",
        "divisionSlug": "województwo-świętokrzyskie",
        "slug": "kielce",
        "invalidCount": 119,
        "autoFixableCount": 107,
        "totalNumbers": 2144
      },
      {
        "name": "powiat buski",
        "divisionSlug": "województwo-świętokrzyskie",
        "slug": "powiat-buski",
        "invalidCount": 35,
        "autoFixableCount": 34,
        "totalNumbers": 211
      },
      {
        "name": "powiat jędrzejowski",
        "divisionSlug": "województwo-świętokrzyskie",
        "slug": "powiat-jędrzejowski",
        "invalidCount": 20,
        "autoFixableCount": 18,
        "totalNumbers": 119
      },
      {
        "name": "powiat kazimierski",
        "divisionSlug": "województwo-świętokrzyskie",
        "slug": "powiat-kazimierski",
        "invalidCount": 2,
        "autoFixableCount": 2,
        "totalNumbers": 66
      },
      {
        "name": "powiat starachowicki",
        "divisionSlug": "województwo-świętokrzyskie",
        "slug": "powiat-starachowicki",
        "invalidCount": 28,
        "autoFixableCount": 27,
        "totalNumbers": 186
      },
      {
        "name": "powiat kielecki",
        "divisionSlug": "województwo-świętokrzyskie",
        "slug": "powiat-kielecki",
        "invalidCount": 67,
        "autoFixableCount": 48,
        "totalNumbers": 618
      },
      {
        "name": "powiat włoszczowski",
        "divisionSlug": "województwo-świętokrzyskie",
        "slug": "powiat-włoszczowski",
        "invalidCount": 12,
        "autoFixableCount": 10,
        "totalNumbers": 74
      },
      {
        "name": "powiat konecki",
        "divisionSlug": "województwo-świętokrzyskie",
        "slug": "powiat-konecki",
        "invalidCount": 103,
        "autoFixableCount": 102,
        "totalNumbers": 494
      },
      {
        "name": "powiat skarżyski",
        "divisionSlug": "województwo-świętokrzyskie",
        "slug": "powiat-skarżyski",
        "invalidCount": 59,
        "autoFixableCount": 57,
        "totalNumbers": 363
      },
      {
        "name": "powiat pińczowski",
        "divisionSlug": "województwo-świętokrzyskie",
        "slug": "powiat-pińczowski",
        "invalidCount": 13,
        "autoFixableCount": 13,
        "totalNumbers": 59
      },
      {
        "name": "powiat opatowski",
        "divisionSlug": "województwo-świętokrzyskie",
        "slug": "powiat-opatowski",
        "invalidCount": 17,
        "autoFixableCount": 16,
        "totalNumbers": 109
      },
      {
        "name": "powiat ostrowiecki",
        "divisionSlug": "województwo-świętokrzyskie",
        "slug": "powiat-ostrowiecki",
        "invalidCount": 40,
        "autoFixableCount": 27,
        "totalNumbers": 1427
      },
      {
        "name": "powiat sandomierski",
        "divisionSlug": "województwo-świętokrzyskie",
        "slug": "powiat-sandomierski",
        "invalidCount": 28,
        "autoFixableCount": 26,
        "totalNumbers": 208
      },
      {
        "name": "powiat staszowski",
        "divisionSlug": "województwo-świętokrzyskie",
        "slug": "powiat-staszowski",
        "invalidCount": 11,
        "autoFixableCount": 11,
        "totalNumbers": 124
      }
    ],
    "województwo warmińsko-mazurskie": [
      {
        "name": "Olsztyn",
        "divisionSlug": "województwo-warmińsko-mazurskie",
        "slug": "olsztyn",
        "invalidCount": 107,
        "autoFixableCount": 95,
        "totalNumbers": 627
      },
      {
        "name": "Elbląg",
        "divisionSlug": "województwo-warmińsko-mazurskie",
        "slug": "elbląg",
        "invalidCount": 31,
        "autoFixableCount": 28,
        "totalNumbers": 221
      },
      {
        "name": "powiat elbląski",
        "divisionSlug": "województwo-warmińsko-mazurskie",
        "slug": "powiat-elbląski",
        "invalidCount": 53,
        "autoFixableCount": 52,
        "totalNumbers": 131
      },
      {
        "name": "powiat iławski",
        "divisionSlug": "województwo-warmińsko-mazurskie",
        "slug": "powiat-iławski",
        "invalidCount": 47,
        "autoFixableCount": 45,
        "totalNumbers": 279
      },
      {
        "name": "powiat działdowski",
        "divisionSlug": "województwo-warmińsko-mazurskie",
        "slug": "powiat-działdowski",
        "invalidCount": 17,
        "autoFixableCount": 11,
        "totalNumbers": 159
      },
      {
        "name": "powiat nowomiejski",
        "divisionSlug": "województwo-warmińsko-mazurskie",
        "slug": "powiat-nowomiejski",
        "invalidCount": 28,
        "autoFixableCount": 28,
        "totalNumbers": 205
      },
      {
        "name": "powiat ostródzki",
        "divisionSlug": "województwo-warmińsko-mazurskie",
        "slug": "powiat-ostródzki",
        "invalidCount": 31,
        "autoFixableCount": 31,
        "totalNumbers": 285
      },
      {
        "name": "powiat nidzicki",
        "divisionSlug": "województwo-warmińsko-mazurskie",
        "slug": "powiat-nidzicki",
        "invalidCount": 8,
        "autoFixableCount": 6,
        "totalNumbers": 104
      },
      {
        "name": "powiat szczycieński",
        "divisionSlug": "województwo-warmińsko-mazurskie",
        "slug": "powiat-szczycieński",
        "invalidCount": 18,
        "autoFixableCount": 17,
        "totalNumbers": 248
      },
      {
        "name": "powiat mrągowski",
        "divisionSlug": "województwo-warmińsko-mazurskie",
        "slug": "powiat-mrągowski",
        "invalidCount": 42,
        "autoFixableCount": 41,
        "totalNumbers": 246
      },
      {
        "name": "powiat olsztyński",
        "divisionSlug": "województwo-warmińsko-mazurskie",
        "slug": "powiat-olsztyński",
        "invalidCount": 64,
        "autoFixableCount": 58,
        "totalNumbers": 505
      },
      {
        "name": "powiat lidzbarski",
        "divisionSlug": "województwo-warmińsko-mazurskie",
        "slug": "powiat-lidzbarski",
        "invalidCount": 37,
        "autoFixableCount": 36,
        "totalNumbers": 177
      },
      {
        "name": "powiat braniewski",
        "divisionSlug": "województwo-warmińsko-mazurskie",
        "slug": "powiat-braniewski",
        "invalidCount": 69,
        "autoFixableCount": 69,
        "totalNumbers": 167
      },
      {
        "name": "powiat bartoszycki",
        "divisionSlug": "województwo-warmińsko-mazurskie",
        "slug": "powiat-bartoszycki",
        "invalidCount": 11,
        "autoFixableCount": 11,
        "totalNumbers": 217
      },
      {
        "name": "powiat kętrzyński",
        "divisionSlug": "województwo-warmińsko-mazurskie",
        "slug": "powiat-kętrzyński",
        "invalidCount": 14,
        "autoFixableCount": 13,
        "totalNumbers": 162
      },
      {
        "name": "powiat piski",
        "divisionSlug": "województwo-warmińsko-mazurskie",
        "slug": "powiat-piski",
        "invalidCount": 26,
        "autoFixableCount": 26,
        "totalNumbers": 208
      },
      {
        "name": "powiat ełcki",
        "divisionSlug": "województwo-warmińsko-mazurskie",
        "slug": "powiat-ełcki",
        "invalidCount": 49,
        "autoFixableCount": 42,
        "totalNumbers": 594
      },
      {
        "name": "powiat gołdapski",
        "divisionSlug": "województwo-warmińsko-mazurskie",
        "slug": "powiat-gołdapski",
        "invalidCount": 12,
        "autoFixableCount": 11,
        "totalNumbers": 110
      },
      {
        "name": "powiat węgorzewski",
        "divisionSlug": "województwo-warmińsko-mazurskie",
        "slug": "powiat-węgorzewski",
        "invalidCount": 27,
        "autoFixableCount": 26,
        "totalNumbers": 124
      },
      {
        "name": "powiat olecki",
        "divisionSlug": "województwo-warmińsko-mazurskie",
        "slug": "powiat-olecki",
        "invalidCount": 8,
        "autoFixableCount": 8,
        "totalNumbers": 59
      },
      {
        "name": "powiat giżycki",
        "divisionSlug": "województwo-warmińsko-mazurskie",
        "slug": "powiat-giżycki",
        "invalidCount": 45,
        "autoFixableCount": 43,
        "totalNumbers": 324
      }
    ],
    "województwo wielkopolskie": [
      {
        "name": "Leszno",
        "divisionSlug": "województwo-wielkopolskie",
        "slug": "leszno",
        "invalidCount": 24,
        "autoFixableCount": 24,
        "totalNumbers": 128
      },
      {
        "name": "powiat leszczyński",
        "divisionSlug": "województwo-wielkopolskie",
        "slug": "powiat-leszczyński",
        "invalidCount": 14,
        "autoFixableCount": 12,
        "totalNumbers": 102
      },
      {
        "name": "Kalisz",
        "divisionSlug": "województwo-wielkopolskie",
        "slug": "kalisz",
        "invalidCount": 12,
        "autoFixableCount": 11,
        "totalNumbers": 151
      },
      {
        "name": "Konin",
        "divisionSlug": "województwo-wielkopolskie",
        "slug": "konin",
        "invalidCount": 24,
        "autoFixableCount": 21,
        "totalNumbers": 282
      },
      {
        "name": "powiat poznański",
        "divisionSlug": "województwo-wielkopolskie",
        "slug": "powiat-poznański",
        "invalidCount": 409,
        "autoFixableCount": 372,
        "totalNumbers": 2772
      },
      {
        "name": "powiat gnieźnieński",
        "divisionSlug": "województwo-wielkopolskie",
        "slug": "powiat-gnieźnieński",
        "invalidCount": 41,
        "autoFixableCount": 37,
        "totalNumbers": 260
      },
      {
        "name": "Poznań",
        "divisionSlug": "województwo-wielkopolskie",
        "slug": "poznań",
        "invalidCount": 616,
        "autoFixableCount": 549,
        "totalNumbers": 3498
      },
      {
        "name": "powiat średzki",
        "divisionSlug": "województwo-wielkopolskie",
        "slug": "powiat-średzki",
        "invalidCount": 55,
        "autoFixableCount": 52,
        "totalNumbers": 208
      },
      {
        "name": "powiat obornicki",
        "divisionSlug": "województwo-wielkopolskie",
        "slug": "powiat-obornicki",
        "invalidCount": 12,
        "autoFixableCount": 11,
        "totalNumbers": 237
      },
      {
        "name": "powiat szamotulski",
        "divisionSlug": "województwo-wielkopolskie",
        "slug": "powiat-szamotulski",
        "invalidCount": 59,
        "autoFixableCount": 54,
        "totalNumbers": 612
      },
      {
        "name": "powiat śremski",
        "divisionSlug": "województwo-wielkopolskie",
        "slug": "powiat-śremski",
        "invalidCount": 21,
        "autoFixableCount": 20,
        "totalNumbers": 155
      },
      {
        "name": "powiat złotowski",
        "divisionSlug": "województwo-wielkopolskie",
        "slug": "powiat-złotowski",
        "invalidCount": 19,
        "autoFixableCount": 17,
        "totalNumbers": 132
      },
      {
        "name": "powiat jarociński",
        "divisionSlug": "województwo-wielkopolskie",
        "slug": "powiat-jarociński",
        "invalidCount": 33,
        "autoFixableCount": 33,
        "totalNumbers": 130
      },
      {
        "name": "powiat pleszewski",
        "divisionSlug": "województwo-wielkopolskie",
        "slug": "powiat-pleszewski",
        "invalidCount": 50,
        "autoFixableCount": 48,
        "totalNumbers": 482
      },
      {
        "name": "powiat wrzesiński",
        "divisionSlug": "województwo-wielkopolskie",
        "slug": "powiat-wrzesiński",
        "invalidCount": 18,
        "autoFixableCount": 16,
        "totalNumbers": 208
      },
      {
        "name": "powiat słupecki",
        "divisionSlug": "województwo-wielkopolskie",
        "slug": "powiat-słupecki",
        "invalidCount": 10,
        "autoFixableCount": 10,
        "totalNumbers": 154
      },
      {
        "name": "powiat koniński",
        "divisionSlug": "województwo-wielkopolskie",
        "slug": "powiat-koniński",
        "invalidCount": 35,
        "autoFixableCount": 34,
        "totalNumbers": 167
      },
      {
        "name": "powiat kolski",
        "divisionSlug": "województwo-wielkopolskie",
        "slug": "powiat-kolski",
        "invalidCount": 19,
        "autoFixableCount": 17,
        "totalNumbers": 314
      },
      {
        "name": "powiat turecki",
        "divisionSlug": "województwo-wielkopolskie",
        "slug": "powiat-turecki",
        "invalidCount": 11,
        "autoFixableCount": 11,
        "totalNumbers": 135
      },
      {
        "name": "powiat kaliski",
        "divisionSlug": "województwo-wielkopolskie",
        "slug": "powiat-kaliski",
        "invalidCount": 7,
        "autoFixableCount": 7,
        "totalNumbers": 56
      },
      {
        "name": "powiat kępiński",
        "divisionSlug": "województwo-wielkopolskie",
        "slug": "powiat-kępiński",
        "invalidCount": 12,
        "autoFixableCount": 10,
        "totalNumbers": 81
      },
      {
        "name": "powiat ostrzeszowski",
        "divisionSlug": "województwo-wielkopolskie",
        "slug": "powiat-ostrzeszowski",
        "invalidCount": 20,
        "autoFixableCount": 17,
        "totalNumbers": 80
      },
      {
        "name": "powiat ostrowski",
        "divisionSlug": "województwo-wielkopolskie",
        "slug": "powiat-ostrowski",
        "invalidCount": 35,
        "autoFixableCount": 33,
        "totalNumbers": 228
      },
      {
        "name": "powiat krotoszyński",
        "divisionSlug": "województwo-wielkopolskie",
        "slug": "powiat-krotoszyński",
        "invalidCount": 31,
        "autoFixableCount": 28,
        "totalNumbers": 164
      },
      {
        "name": "powiat rawicki",
        "divisionSlug": "województwo-wielkopolskie",
        "slug": "powiat-rawicki",
        "invalidCount": 14,
        "autoFixableCount": 10,
        "totalNumbers": 80
      },
      {
        "name": "powiat gostyński",
        "divisionSlug": "województwo-wielkopolskie",
        "slug": "powiat-gostyński",
        "invalidCount": 17,
        "autoFixableCount": 15,
        "totalNumbers": 170
      },
      {
        "name": "powiat kościański",
        "divisionSlug": "województwo-wielkopolskie",
        "slug": "powiat-kościański",
        "invalidCount": 24,
        "autoFixableCount": 24,
        "totalNumbers": 157
      },
      {
        "name": "powiat wolsztyński",
        "divisionSlug": "województwo-wielkopolskie",
        "slug": "powiat-wolsztyński",
        "invalidCount": 15,
        "autoFixableCount": 15,
        "totalNumbers": 75
      },
      {
        "name": "powiat grodziski",
        "divisionSlug": "województwo-wielkopolskie",
        "slug": "powiat-grodziski",
        "invalidCount": 21,
        "autoFixableCount": 21,
        "totalNumbers": 91
      },
      {
        "name": "powiat nowotomyski",
        "divisionSlug": "województwo-wielkopolskie",
        "slug": "powiat-nowotomyski",
        "invalidCount": 16,
        "autoFixableCount": 15,
        "totalNumbers": 220
      },
      {
        "name": "powiat międzychodzki",
        "divisionSlug": "województwo-wielkopolskie",
        "slug": "powiat-międzychodzki",
        "invalidCount": 15,
        "autoFixableCount": 14,
        "totalNumbers": 170
      },
      {
        "name": "powiat wągrowiecki",
        "divisionSlug": "województwo-wielkopolskie",
        "slug": "powiat-wągrowiecki",
        "invalidCount": 14,
        "autoFixableCount": 11,
        "totalNumbers": 192
      },
      {
        "name": "powiat chodzieski",
        "divisionSlug": "województwo-wielkopolskie",
        "slug": "powiat-chodzieski",
        "invalidCount": 12,
        "autoFixableCount": 12,
        "totalNumbers": 135
      },
      {
        "name": "powiat czarnkowsko-trzcianecki",
        "divisionSlug": "województwo-wielkopolskie",
        "slug": "powiat-czarnkowsko-trzcianecki",
        "invalidCount": 46,
        "autoFixableCount": 39,
        "totalNumbers": 333
      },
      {
        "name": "powiat pilski",
        "divisionSlug": "województwo-wielkopolskie",
        "slug": "powiat-pilski",
        "invalidCount": 84,
        "autoFixableCount": 78,
        "totalNumbers": 487
      }
    ],
    "województwo zachodniopomorskie": [
      {
        "name": "powiat policki",
        "divisionSlug": "województwo-zachodniopomorskie",
        "slug": "powiat-policki",
        "invalidCount": 72,
        "autoFixableCount": 69,
        "totalNumbers": 327
      },
      {
        "name": "Szczecin",
        "divisionSlug": "województwo-zachodniopomorskie",
        "slug": "szczecin",
        "invalidCount": 287,
        "autoFixableCount": 276,
        "totalNumbers": 1799
      },
      {
        "name": "Koszalin",
        "divisionSlug": "województwo-zachodniopomorskie",
        "slug": "koszalin",
        "invalidCount": 66,
        "autoFixableCount": 66,
        "totalNumbers": 395
      },
      {
        "name": "powiat szczecinecki",
        "divisionSlug": "województwo-zachodniopomorskie",
        "slug": "powiat-szczecinecki",
        "invalidCount": 32,
        "autoFixableCount": 30,
        "totalNumbers": 293
      },
      {
        "name": "powiat koszaliński",
        "divisionSlug": "województwo-zachodniopomorskie",
        "slug": "powiat-koszaliński",
        "invalidCount": 52,
        "autoFixableCount": 50,
        "totalNumbers": 424
      },
      {
        "name": "powiat białogardzki",
        "divisionSlug": "województwo-zachodniopomorskie",
        "slug": "powiat-białogardzki",
        "invalidCount": 13,
        "autoFixableCount": 13,
        "totalNumbers": 137
      },
      {
        "name": "powiat świdwiński",
        "divisionSlug": "województwo-zachodniopomorskie",
        "slug": "powiat-świdwiński",
        "invalidCount": 27,
        "autoFixableCount": 26,
        "totalNumbers": 154
      },
      {
        "name": "powiat drawski",
        "divisionSlug": "województwo-zachodniopomorskie",
        "slug": "powiat-drawski",
        "invalidCount": 20,
        "autoFixableCount": 19,
        "totalNumbers": 260
      },
      {
        "name": "powiat sławieński",
        "divisionSlug": "województwo-zachodniopomorskie",
        "slug": "powiat-sławieński",
        "invalidCount": 59,
        "autoFixableCount": 58,
        "totalNumbers": 302
      },
      {
        "name": "powiat choszczeński",
        "divisionSlug": "województwo-zachodniopomorskie",
        "slug": "powiat-choszczeński",
        "invalidCount": 64,
        "autoFixableCount": 62,
        "totalNumbers": 206
      },
      {
        "name": "powiat wałecki",
        "divisionSlug": "województwo-zachodniopomorskie",
        "slug": "powiat-wałecki",
        "invalidCount": 19,
        "autoFixableCount": 14,
        "totalNumbers": 173
      },
      {
        "name": "powiat myśliborski",
        "divisionSlug": "województwo-zachodniopomorskie",
        "slug": "powiat-myśliborski",
        "invalidCount": 14,
        "autoFixableCount": 13,
        "totalNumbers": 161
      },
      {
        "name": "powiat pyrzycki",
        "divisionSlug": "województwo-zachodniopomorskie",
        "slug": "powiat-pyrzycki",
        "invalidCount": 10,
        "autoFixableCount": 8,
        "totalNumbers": 123
      },
      {
        "name": "powiat stargardzki",
        "divisionSlug": "województwo-zachodniopomorskie",
        "slug": "powiat-stargardzki",
        "invalidCount": 18,
        "autoFixableCount": 17,
        "totalNumbers": 197
      },
      {
        "name": "powiat łobeski",
        "divisionSlug": "województwo-zachodniopomorskie",
        "slug": "powiat-łobeski",
        "invalidCount": 8,
        "autoFixableCount": 8,
        "totalNumbers": 77
      },
      {
        "name": "Świnoujście",
        "divisionSlug": "województwo-zachodniopomorskie",
        "slug": "świnoujście",
        "invalidCount": 22,
        "autoFixableCount": 19,
        "totalNumbers": 220
      },
      {
        "name": "powiat gryfiński",
        "divisionSlug": "województwo-zachodniopomorskie",
        "slug": "powiat-gryfiński",
        "invalidCount": 43,
        "autoFixableCount": 39,
        "totalNumbers": 250
      },
      {
        "name": "powiat goleniowski",
        "divisionSlug": "województwo-zachodniopomorskie",
        "slug": "powiat-goleniowski",
        "invalidCount": 26,
        "autoFixableCount": 23,
        "totalNumbers": 483
      },
      {
        "name": "powiat gryficki",
        "divisionSlug": "województwo-zachodniopomorskie",
        "slug": "powiat-gryficki",
        "invalidCount": 52,
        "autoFixableCount": 45,
        "totalNumbers": 1009
      },
      {
        "name": "powiat kamieński",
        "divisionSlug": "województwo-zachodniopomorskie",
        "slug": "powiat-kamieński",
        "invalidCount": 19,
        "autoFixableCount": 18,
        "totalNumbers": 230
      },
      {
        "name": "powiat kołobrzeski",
        "divisionSlug": "województwo-zachodniopomorskie",
        "slug": "powiat-kołobrzeski",
        "invalidCount": 367,
        "autoFixableCount": 341,
        "totalNumbers": 2166
      }
    ]
  }
}